subject,prop,time
187.0,0.942,15.5
187.0,0.948,16.35
187.0,0.868,16.4
187.0,0.97,17.5
187.0,0.889,16.45
187.0,0.945,12.5
187.0,0.99,13.15
187.0,0.973,16.5
187.0,0.945,12
187.0,0.983,18.4
187.0,0.959,19.55
187.0,0.999,19.45
187.0,0.992,12.4
187.0,0.964,18.5
187.0,0.985,13
187.0,0.962,15.2
187.0,0.992,19
187.0,0.948,12.2
187.0,0.912,15.25
187.0,0.963,12.3
187.0,0.985,12.35
187.0,0.99,15.45
187.0,0.994,20.1
187.0,0.976,16.3
187.0,0.995,13.1
187.0,0.99,13.05
187.0,0.994,18.55
187.0,0.979,12.45
187.0,0.989,12.25
187.0,1.0,12.15
187.0,1.0,17.25
187.0,0.958,17.3
187.0,0.978,18.45
187.0,0.981,17.45
187.0,0.979,19.5
187.0,0.97,16.25
187.0,0.97,16.05
187.0,1.0,14.3
187.0,0.993,14.55
187.0,0.987,17.4
187.0,0.952,18.3
187.0,0.983,16.55
187.0,0.959,13.4
187.0,0.993,13.2
187.0,0.978,13.25
187.0,1.0,12.1
187.0,0.956,13.3
187.0,0.992,17.35
187.0,0.969,16.1
187.0,0.992,15
187.0,0.992,13.5
187.0,0.944,19.2
187.0,0.983,14.2
187.0,0.871,15.05
187.0,1.0,14.4
187.0,0.98,20
187.0,0.99,12.05
187.0,0.969,14.35
187.0,0.989,14.05
187.0,0.989,13.45
187.0,0.914,19.3
187.0,0.965,19.35
187.0,0.985,14.15
187.0,0.989,16.15
187.0,0.975,19.15
187.0,0.987,16.2
187.0,0.97,18.1
187.0,0.99,20.15
187.0,0.986,16
187.0,0.972,14
187.0,1.0,14.1
187.0,0.791,20.05
187.0,0.982,17.05
187.0,0.982,15.3
187.0,0.945,13.35
187.0,0.942,19.25
187.0,1.0,15.15
187.0,0.755,17.15
187.0,0.918,17.1
187.0,0.647,14.5
187.0,0.954,14.45
187.0,0.952,15.4
187.0,0.7,14.25
187.0,0.642,17.55
187.0,0.666,18.15
187.0,0.666,15.35
188.0,0.987,21.25
188.0,0.923,13.15
188.0,0.992,11.4
188.0,0.942,13.05
188.0,0.994,11.5
188.0,0.917,21.2
188.0,0.866,21.3
188.0,0.993,11.45
188.0,0.848,13
188.0,0.896,10.15
188.0,0.845,13.1
188.0,0.952,10.1
188.0,0.967,22.35
188.0,0.994,10
188.0,1.0,9.45
188.0,0.925,10.05
188.0,0.771,20.55
188.0,0.856,21.4
188.0,0.962,18.55
188.0,1.0,11.25
188.0,0.98,19.1
188.0,0.883,19.05
188.0,0.963,9.4
188.0,0.976,12.55
188.0,0.738,10.55
188.0,0.919,12.15
188.0,0.964,10.4
188.0,0.981,10.25
188.0,0.981,11.55
188.0,0.962,18.25
188.0,1.0,21.1
188.0,0.96,22.05
188.0,0.938,12.1
188.0,0.956,11.2
188.0,0.863,12.2
188.0,0.947,12
188.0,0.972,21.35
188.0,0.942,10.35
188.0,0.878,19
188.0,0.965,21.5
188.0,0.964,11.05
188.0,0.962,21.55
188.0,1.0,10.5
188.0,0.884,11
188.0,1.0,10.2
188.0,0.913,22.1
188.0,0.904,18.5
188.0,0.736,20.2
188.0,0.928,20.05
188.0,0.944,18.4
188.0,0.895,9.55
188.0,0.454,10.45
189.0,0.939,13.2
189.0,0.996,21.4
189.0,0.722,10.35
189.0,0.892,15.1
189.0,0.914,9.25
189.0,0.845,10.3
189.0,0.901,10.2
189.0,0.789,11.05
189.0,0.963,12
189.0,0.971,10.25
189.0,0.98,9.55
189.0,0.97,17.05
189.0,0.979,12.1
189.0,0.863,20.1
189.0,0.987,9.1
189.0,0.864,21.35
189.0,0.957,9
189.0,0.91,8.55
189.0,0.885,11.55
189.0,0.962,12.15
189.0,0.903,12.2
189.0,1.0,11.1
189.0,0.936,14.45
189.0,1.0,10.45
189.0,0.977,17.15
189.0,0.93,22.45
189.0,1.0,10.4
189.0,0.975,22.55
189.0,0.974,10
189.0,1.0,14.15
189.0,0.894,15.25
189.0,0.911,13.05
189.0,0.967,9.15
189.0,1.0,11.45
189.0,0.9,12.45
189.0,0.888,21.2
189.0,1.0,9.05
189.0,1.0,14.3
189.0,0.875,19.4
189.0,0.952,15.05
189.0,0.85,11.25
189.0,0.882,13.1
189.0,1.0,12.05
189.0,0.933,14.35
189.0,1.0,21.25
189.0,1.0,21.45
189.0,0.928,22.5
189.0,1.0,12.35
189.0,0.615,12.4
189.0,1.0,11.35
189.0,0.5,15.4
189.0,1.0,11.5
189.0,1.0,14.4
189.0,0.5,15.15
190.0,0.676,20.35
190.0,0.974,19.25
190.0,0.983,11.4
190.0,0.865,14.4
190.0,0.957,11.45
190.0,0.946,18
190.0,1.0,11.35
190.0,1.0,14.35
190.0,0.939,18.55
190.0,0.94,20.15
190.0,0.951,11.25
190.0,0.997,11.05
190.0,0.986,10.55
190.0,0.979,12.3
190.0,0.996,15.4
190.0,0.955,12.15
190.0,0.933,13.1
190.0,0.946,11.5
190.0,0.968,13.4
190.0,1.0,18.15
190.0,0.974,19.45
190.0,0.986,11
190.0,0.959,15.35
190.0,0.992,13.15
190.0,0.992,18.3
190.0,1.0,13.35
190.0,0.957,18.45
190.0,0.985,20.2
190.0,0.916,15.5
190.0,0.909,13
190.0,1.0,15.2
190.0,0.963,18.5
190.0,0.943,19.15
190.0,0.99,20.3
190.0,0.969,13.2
190.0,0.989,18.1
190.0,0.989,12.35
190.0,0.936,13.5
190.0,0.954,20.05
190.0,0.952,12.25
190.0,0.962,15.15
190.0,0.987,15.1
190.0,0.96,11.3
190.0,0.958,15.05
190.0,0.957,14.1
190.0,0.97,14.05
190.0,0.861,12.55
190.0,0.982,20
190.0,0.981,13.45
190.0,1.0,12.1
190.0,0.981,15.3
190.0,0.981,13.25
190.0,0.961,18.2
190.0,0.96,14
190.0,0.979,15.25
190.0,0.872,18.35
190.0,0.902,12.2
190.0,0.945,12.45
190.0,0.914,18.25
190.0,0.906,12.5
190.0,0.896,18.4
190.0,0.961,19.55
190.0,0.919,13.55
190.0,0.913,14.2
190.0,0.952,12.4
190.0,0.95,15.55
190.0,0.947,15.45
190.0,0.388,19.5
192.0,0.758,22.25
192.0,0.957,15.15
192.0,0.959,12.2
192.0,0.889,19.5
192.0,0.947,18
192.0,0.988,12.3
192.0,0.982,22.2
192.0,0.984,12.25
192.0,0.941,12.35
192.0,0.98,22.15
192.0,0.97,14.15
192.0,0.959,12.4
192.0,0.964,21.35
192.0,0.977,22.05
192.0,0.962,14.1
192.0,0.968,11.45
192.0,0.987,22.35
192.0,0.922,22.1
192.0,0.964,12.45
192.0,0.995,18.5
192.0,0.939,21.15
192.0,0.99,17.1
192.0,1.0,11.35
192.0,0.99,21.25
192.0,0.984,16.1
192.0,0.974,21.55
192.0,0.984,15.5
192.0,0.994,11.4
192.0,0.925,12.15
192.0,0.994,19.55
192.0,0.982,13.25
192.0,0.983,21.3
192.0,0.987,19.45
192.0,0.981,16
192.0,0.987,13
192.0,0.987,15.1
192.0,0.936,12.1
192.0,0.884,12.5
192.0,0.984,15.05
192.0,1.0,13.05
192.0,1.0,13.45
192.0,0.992,21.4
192.0,1.0,16.05
192.0,0.968,20.4
192.0,0.991,12
192.0,1.0,12.05
192.0,1.0,14.55
192.0,0.967,21.2
192.0,0.949,17.2
192.0,0.982,17.45
192.0,1.0,13.5
192.0,1.0,17.3
192.0,0.945,18.3
192.0,0.99,21.1
192.0,0.99,18.15
192.0,0.921,20
192.0,0.989,16.15
192.0,0.989,20.55
192.0,0.945,18.55
192.0,0.965,20.5
192.0,0.988,20.3
192.0,0.975,14.5
192.0,0.987,17.55
192.0,1.0,13.4
192.0,0.987,18.05
192.0,0.974,11.55
192.0,0.974,21
192.0,1.0,17.15
192.0,0.986,21.05
192.0,0.959,15
192.0,0.943,14.4
192.0,0.985,13.2
192.0,1.0,13.15
192.0,1.0,14.05
192.0,1.0,21.5
192.0,0.939,22
192.0,0.935,20.45
192.0,1.0,13.3
192.0,0.982,20.15
192.0,0.964,16.25
192.0,0.927,20.35
192.0,0.98,17.25
192.0,0.919,12.55
192.0,0.956,17.5
192.0,0.977,13.55
192.0,1.0,17.05
192.0,0.93,20.2
192.0,0.975,11.5
192.0,0.948,14.45
192.0,1.0,13.35
192.0,0.972,16.3
192.0,0.972,20.25
192.0,0.942,21.45
192.0,0.969,14.35
192.0,0.91,19.25
192.0,0.926,22.4
192.0,0.962,14.3
192.0,0.73,16.2
192.0,1.0,13.1
192.0,0.631,17
192.0,1.0,14.2
192.0,0.75,19
192.0,0.784,16.55
192.0,0.708,18.2
192.0,0.8,18.1
193.0,0.819,8.15
193.0,0.765,8.1
193.0,0.805,13.4
193.0,0.965,10.35
193.0,0.892,12
193.0,0.88,15.25
193.0,0.924,11.05
193.0,0.95,8.45
193.0,1.0,11
193.0,0.948,13.5
193.0,0.97,15.45
193.0,0.937,13.25
193.0,0.94,8.4
193.0,0.918,14.1
193.0,0.972,16
193.0,0.952,10.15
193.0,0.975,14.4
193.0,1.0,14.15
193.0,0.948,14.35
193.0,0.972,9.5
193.0,1.0,7.45
193.0,0.916,8.05
193.0,1.0,9.2
193.0,0.969,11.25
193.0,0.968,17.2
193.0,1.0,13.45
193.0,0.935,17.35
193.0,1.0,8
193.0,1.0,8.2
193.0,1.0,10.3
193.0,1.0,11.15
193.0,1.0,11.2
193.0,0.965,13.35
193.0,1.0,10.1
193.0,1.0,15.55
193.0,0.928,17.5
193.0,1.0,7.3
193.0,1.0,10.45
193.0,1.0,10.55
193.0,0.961,11.55
193.0,0.96,15
193.0,0.916,18
193.0,1.0,9.25
193.0,0.954,17.1
193.0,1.0,7.55
193.0,0.952,13.55
193.0,0.95,10.25
193.0,0.947,9.1
193.0,1.0,8.55
193.0,0.888,16.1
193.0,0.937,14.55
193.0,0.933,11.35
193.0,0.857,14.05
193.0,1.0,10
193.0,1.0,13.15
193.0,1.0,16.5
193.0,1.0,17.15
193.0,0.916,17.25
193.0,1.0,8.3
193.0,1.0,10.2
193.0,1.0,14
193.0,1.0,14.5
193.0,1.0,15.15
193.0,0.909,17.3
193.0,1.0,8.25
193.0,1.0,10.5
193.0,1.0,15.1
193.0,0.9,15.3
193.0,1.0,7.5
193.0,1.0,16.25
193.0,0.888,17.45
193.0,1.0,7.35
193.0,1.0,9.15
193.0,0.874,15.35
193.0,1.0,9.3
193.0,1.0,9.4
193.0,1.0,9.55
193.0,1.0,10.05
193.0,0.857,11.1
193.0,1.0,9.05
193.0,1.0,14.25
193.0,0.833,14.3
193.0,1.0,9
193.0,1.0,9.45
193.0,1.0,10.4
193.0,1.0,12.15
193.0,1.0,15.05
193.0,0.8,16.2
193.0,0.749,7.4
193.0,1.0,11.3
193.0,0.666,12.05
193.0,1.0,8.5
193.0,1.0,11.5
193.0,0.5,16.4
193.0,1.0,11.4
196.0,0.954,17.25
196.0,0.949,15.5
196.0,0.952,10.2
196.0,0.794,14.2
196.0,0.711,13.4
196.0,0.97,16.35
196.0,0.989,9.15
196.0,0.932,11.45
196.0,0.923,10.5
196.0,0.976,16.45
196.0,0.963,14.35
196.0,0.987,14.3
196.0,0.961,11.55
196.0,0.973,17
196.0,0.993,15.25
196.0,0.917,15.55
196.0,0.977,16.15
196.0,0.969,16.1
196.0,0.936,11.35
196.0,0.966,11.3
196.0,0.956,9.5
196.0,0.981,15.35
196.0,1.0,11.1
196.0,0.971,13.35
196.0,0.944,13
196.0,0.957,14.45
196.0,1.0,9.4
196.0,0.946,11.5
196.0,0.943,12
196.0,0.988,10.55
196.0,0.975,15.4
196.0,0.938,12.55
196.0,0.986,11.15
196.0,0.96,9.1
196.0,0.986,10.3
196.0,0.985,12.1
196.0,0.957,13.2
196.0,1.0,11.05
196.0,0.971,16
196.0,0.968,8.45
196.0,0.984,16.2
196.0,0.967,15.45
196.0,1.0,12.2
196.0,0.983,15.3
196.0,0.983,11
196.0,0.982,11.25
196.0,0.964,9.45
196.0,0.927,15.2
196.0,0.999,13.25
196.0,0.98,9.05
196.0,0.96,9.55
196.0,0.916,16.05
196.0,1.0,10.35
196.0,1.0,12.45
196.0,0.931,13.5
196.0,0.975,10.4
196.0,0.85,14.25
196.0,0.882,10.15
196.0,0.966,17.1
196.0,0.931,12.05
196.0,1.0,8.55
196.0,1.0,9.35
196.0,1.0,10.25
196.0,1.0,11.4
196.0,0.925,16.4
196.0,0.96,14.1
196.0,0.875,14.05
196.0,0.952,10.05
196.0,0.8,10.45
196.0,1.0,13.15
196.0,0.986,14.4
196.0,0.633,10
196.0,0.9,13.55
196.0,0.888,10.1
196.0,0.374,16.25
197.0,0.421,8.3
197.0,0.955,19.05
197.0,0.982,14.45
197.0,0.977,15.2
197.0,0.949,8.4
197.0,0.75,13.55
197.0,0.991,18.25
197.0,0.87,15.4
197.0,0.95,15.35
197.0,0.947,19.1
197.0,0.956,13.2
197.0,0.954,12.05
197.0,0.927,8.45
197.0,0.909,13.4
197.0,0.957,18.2
197.0,1.0,10.1
197.0,0.94,18.35
197.0,0.968,9.05
197.0,1.0,8.35
197.0,0.901,13.15
197.0,0.836,11.15
197.0,1.0,9.25
197.0,1.0,10.55
197.0,0.978,12.15
197.0,1.0,19.4
197.0,0.977,20.1
197.0,1.0,9
197.0,0.977,19.25
197.0,0.976,10.35
197.0,0.976,15.25
197.0,1.0,9.5
197.0,0.975,13.5
197.0,0.975,9.1
197.0,0.995,18.5
197.0,0.978,17.35
197.0,0.973,11.2
197.0,0.972,11.25
197.0,1.0,8.55
197.0,0.972,10.4
197.0,0.942,19.55
197.0,0.969,14.4
197.0,1.0,10.15
197.0,0.968,15.15
197.0,0.935,12.45
197.0,1.0,11.35
197.0,0.931,20
197.0,0.962,16.1
197.0,0.961,9.2
197.0,1.0,13.05
197.0,1.0,13.25
197.0,0.96,18.1
197.0,1.0,9.15
197.0,1.0,10.3
197.0,1.0,15.05
197.0,1.0,17.4
197.0,0.958,18.15
197.0,0.956,11.5
197.0,1.0,12.55
197.0,0.954,16.05
197.0,1.0,11
197.0,0.904,13.45
197.0,1.0,14.15
197.0,0.964,15.45
197.0,0.981,16.25
197.0,1.0,12.2
197.0,1.0,13.1
197.0,0.944,15
197.0,0.941,19.45
197.0,0.874,10.45
197.0,0.928,19.5
197.0,1.0,9.4
197.0,0.991,12.4
197.0,0.931,13
197.0,1.0,10.05
197.0,0.916,18.05
197.0,1.0,9.55
197.0,1.0,14.2
197.0,0.909,20.05
197.0,1.0,10.2
197.0,1.0,18.55
197.0,0.9,19.35
197.0,0.888,8.5
197.0,1.0,9.3
197.0,1.0,11.1
197.0,1.0,12.1
197.0,0.874,14.05
197.0,0.857,14
197.0,1.0,11.05
197.0,0.833,14.35
197.0,0.6,12
197.0,1.0,11.3
197.0,1.0,11.45
202.0,0.735,17
202.0,0.882,18.15
202.0,0.925,16.35
202.0,0.968,18.3
202.0,0.966,15.3
202.0,0.931,12.25
202.0,0.972,18.05
202.0,0.99,16.25
202.0,0.99,7.3
202.0,0.98,16.3
202.0,0.95,12.3
202.0,0.948,15.55
202.0,0.967,17.05
202.0,0.988,8.45
202.0,0.988,18.2
202.0,0.965,15.45
202.0,0.988,18.35
202.0,0.939,15.35
202.0,0.923,18
202.0,0.916,16.5
202.0,0.984,18.1
202.0,0.923,10.4
202.0,0.966,14.15
202.0,0.974,15.15
202.0,0.973,19
202.0,0.981,14.3
202.0,0.981,9.55
202.0,0.924,17.45
202.0,0.979,14.25
202.0,1.0,10.25
202.0,0.916,14.2
202.0,1.0,9.45
202.0,0.977,15.25
202.0,0.953,16
202.0,0.951,14.05
202.0,0.846,7.25
202.0,0.878,18.55
202.0,1.0,12.2
202.0,0.965,13.5
202.0,0.928,12.35
202.0,1.0,16.2
202.0,0.923,16.45
202.0,0.958,15.2
202.0,0.913,16.55
202.0,0.952,18.5
202.0,1.0,13.45
202.0,1.0,15.1
202.0,0.95,18.4
202.0,0.947,18.45
202.0,0.944,14.5
202.0,0.882,17.4
202.0,1.0,7.2
202.0,0.933,12.45
202.0,0.928,14.55
202.0,1.0,8.5
202.0,1.0,16.1
202.0,0.923,16.4
202.0,0.916,15.4
202.0,0.909,14
202.0,0.9,17.3
202.0,0.888,13.05
202.0,1.0,9.35
202.0,1.0,14.1
202.0,0.874,17.2
202.0,0.714,17.55
202.0,0.8,10.15
202.0,1.0,7.4
202.0,0.749,8.35
202.0,1.0,13.25
202.0,1.0,15.05
202.0,0.666,17.15
203.0,0.814,14.5
203.0,0.988,14.25
203.0,0.949,11.1
203.0,0.99,14.45
203.0,0.86,11.35
203.0,0.945,10.4
203.0,0.967,16.15
203.0,0.966,14.35
203.0,0.991,10.3
203.0,0.995,14.3
203.0,0.968,10.5
203.0,0.986,13.25
203.0,0.939,15.55
203.0,0.886,10.25
203.0,0.982,14.1
203.0,0.994,13.35
203.0,0.914,10.35
203.0,0.918,10.45
203.0,0.85,14.55
203.0,0.997,15
203.0,0.978,12.05
203.0,0.991,10.2
203.0,0.975,16.25
203.0,0.991,15.25
203.0,0.85,16.1
203.0,0.965,10.15
203.0,0.989,11.15
203.0,0.989,16.4
203.0,0.946,14.4
203.0,0.865,13.55
203.0,0.987,16.05
203.0,0.934,12
203.0,0.943,11.3
203.0,0.97,13.2
203.0,0.861,15.05
203.0,0.946,15.4
203.0,0.962,15.2
203.0,0.901,15.35
203.0,0.934,16.2
203.0,1.0,11.4
203.0,0.976,15.45
203.0,0.976,16.55
203.0,0.926,11.25
203.0,0.973,14.05
203.0,0.945,16.5
203.0,1.0,14
203.0,0.914,16.35
203.0,0.843,15.15
203.0,0.777,15.1
203.0,0.476,16
203.0,0.4,13.15
210.0,0.905,8.55
210.0,0.997,8.4
210.0,0.874,8.45
210.0,0.909,19.2
210.0,0.996,10.3
210.0,0.977,10.45
210.0,1.0,8.5
210.0,0.996,15
210.0,0.969,20.4
210.0,0.996,9.45
210.0,0.941,19.35
210.0,0.966,9.15
210.0,1.0,14.55
210.0,0.991,20.05
210.0,0.969,17.2
210.0,0.982,17.4
210.0,0.963,9
210.0,0.962,8.25
210.0,1.0,10.4
210.0,0.96,10.5
210.0,0.969,8.35
210.0,1.0,9.1
210.0,0.994,9.35
210.0,0.994,20.1
210.0,0.983,19.25
210.0,1.0,10.35
210.0,0.945,16.1
210.0,0.902,9.4
210.0,0.91,19.45
210.0,0.993,9.05
210.0,0.971,13.05
210.0,0.992,12.5
210.0,0.992,12.25
210.0,0.933,11.05
210.0,1.0,9.55
210.0,0.992,18.4
210.0,0.984,13.1
210.0,0.983,15.05
210.0,0.918,15.35
210.0,0.991,9.5
210.0,1.0,8.3
210.0,0.972,17.55
210.0,0.981,12.1
210.0,0.99,16
210.0,1.0,10
210.0,0.942,19.4
210.0,0.979,18.55
210.0,0.969,10.25
210.0,0.925,10.55
210.0,0.988,18.5
210.0,0.976,11
210.0,0.976,15.2
210.0,0.939,15.55
210.0,0.909,9.25
210.0,0.985,16.05
210.0,0.927,16.15
210.0,0.968,18.1
210.0,1.0,9.2
210.0,0.903,17
210.0,1.0,11.3
210.0,0.982,11.55
210.0,0.981,12.35
210.0,0.907,11.1
210.0,0.959,10.15
210.0,0.978,12.4
210.0,0.978,9.3
210.0,0.955,12.15
210.0,0.953,13
210.0,0.975,18.3
210.0,0.975,11.4
210.0,0.923,11.25
210.0,0.861,10.2
210.0,0.967,11.5
210.0,0.933,15.25
210.0,0.964,16.5
210.0,1.0,12.05
210.0,0.888,18.25
210.0,0.875,18.2
210.0,0.904,18
210.0,1.0,11.15
210.0,0.842,15.15
210.0,0.937,12.3
210.0,0.933,11.2
210.0,0.928,15.3
210.0,0.846,12.45
210.0,0.909,11.45
210.0,1.0,13.15
210.0,0.8,15.1
210.0,1.0,12.55
210.0,0.874,16.35
210.0,1.0,10.05
215.0,0.535,19.4
215.0,0.713,19.15
215.0,0.811,19.2
215.0,0.768,11.05
215.0,1.0,11.45
215.0,0.814,18.15
215.0,0.992,11.1
215.0,0.966,18.35
215.0,0.877,18.2
215.0,1.0,18.4
215.0,0.98,19.25
215.0,1.0,13.45
215.0,0.959,18.3
215.0,0.893,10.25
215.0,0.976,10.55
215.0,0.951,11.35
215.0,0.974,13.55
215.0,0.947,10.3
215.0,0.87,11.25
215.0,0.989,18.5
215.0,0.967,9.55
215.0,0.9,19
215.0,0.925,18.25
215.0,0.88,18.55
215.0,1.0,11.2
215.0,0.863,14.3
215.0,0.842,10.45
215.0,0.937,11.15
215.0,0.933,14.15
215.0,0.925,13.4
215.0,0.925,13.35
215.0,1.0,10
215.0,0.833,10.1
215.0,0.9,10.2
215.0,1.0,10.15
215.0,1.0,11
215.0,0.888,14.5
215.0,0.625,10.05
215.0,0.8,10.35
215.0,1.0,9.4
215.0,0.5,9.5
230.0,0.907,9.45
230.0,0.975,13.2
230.0,0.99,9.4
230.0,0.969,15.4
230.0,0.979,17.55
230.0,0.984,17.5
230.0,0.951,13.05
230.0,1.0,14
230.0,0.994,15.45
230.0,1.0,8.55
230.0,0.988,17.3
230.0,0.994,18.2
230.0,0.965,18.5
230.0,0.91,9.35
230.0,0.974,18.15
230.0,0.931,19.05
230.0,0.985,17.35
230.0,0.911,13.4
230.0,0.991,17.45
230.0,0.967,16
230.0,0.899,18.05
230.0,0.971,15.05
230.0,0.99,18.1
230.0,0.98,14.25
230.0,0.96,11.1
230.0,0.989,14.55
230.0,0.979,9.15
230.0,0.968,13.1
230.0,0.989,10.45
230.0,0.988,15.55
230.0,0.943,18.3
230.0,0.988,9
230.0,0.951,18
230.0,0.987,10.05
230.0,0.91,15
230.0,0.957,9.05
230.0,1.0,13.25
230.0,0.97,15.5
230.0,0.939,18.55
230.0,0.983,11.25
230.0,1.0,13.35
230.0,0.836,13.45
230.0,0.921,19
230.0,0.893,9.2
230.0,0.976,14.2
230.0,0.975,12.45
230.0,1.0,9.3
230.0,0.9,10.35
230.0,0.972,9.5
230.0,0.942,13.5
230.0,0.969,13.3
230.0,1.0,11.2
230.0,0.937,13.55
230.0,0.9,18.45
230.0,0.962,9.55
230.0,0.884,13.15
230.0,0.913,10.15
230.0,0.904,11
230.0,0.736,17.4
230.0,0.928,10.1
230.0,0.923,10.2
230.0,0.916,10.3
230.0,0.636,10.25
230.0,0.285,10.55
231.0,0.873,15.3
231.0,0.906,9.3
231.0,0.935,9.4
231.0,0.912,9.35
231.0,0.995,12.15
231.0,0.906,8.5
231.0,0.977,15.25
231.0,0.997,9.25
231.0,0.958,14.5
231.0,0.983,19.1
231.0,0.929,19.05
231.0,0.903,15.35
231.0,0.945,19.5
231.0,0.951,10.25
231.0,0.984,10.35
231.0,0.964,19.25
231.0,0.996,13.55
231.0,0.996,12.1
231.0,0.949,9.05
231.0,0.982,10
231.0,0.967,19.15
231.0,0.973,10.3
231.0,0.984,9.45
231.0,0.972,19
231.0,0.959,17.05
231.0,0.987,17
231.0,0.991,12.2
231.0,0.991,15.2
231.0,0.965,19.45
231.0,1.0,19.2
231.0,0.986,19.55
231.0,1.0,17.55
231.0,0.995,18.55
231.0,0.99,10.45
231.0,0.976,17.5
231.0,0.995,20
231.0,0.971,10.5
231.0,0.965,9.55
231.0,0.984,14
231.0,0.958,17.1
231.0,0.989,19.4
231.0,0.967,14.2
231.0,0.977,13.5
231.0,0.994,14.3
231.0,0.977,20.05
231.0,0.87,10.2
231.0,0.979,19.35
231.0,0.967,18.35
231.0,0.919,20.2
231.0,0.968,9.1
231.0,0.952,15.45
231.0,0.966,17.2
231.0,0.904,15.55
231.0,0.961,16.4
231.0,0.95,9
231.0,0.978,17.45
231.0,0.924,9.5
231.0,0.906,15.15
231.0,0.974,16.45
231.0,0.986,14.55
231.0,1.0,14.05
231.0,0.986,16.15
231.0,0.986,16.3
231.0,0.904,18.25
231.0,0.954,18.15
231.0,0.984,14.35
231.0,0.983,11
231.0,0.983,14.1
231.0,1.0,14.15
231.0,1.0,15.4
231.0,1.0,18.3
231.0,0.983,20.1
231.0,0.983,18.4
231.0,0.896,9.2
231.0,0.942,12
231.0,0.959,10.1
231.0,0.936,16.05
231.0,0.977,18.5
231.0,0.976,18.05
231.0,0.976,10.55
231.0,0.804,14.45
231.0,0.969,14.25
231.0,0.937,10.15
231.0,1.0,17.25
231.0,0.866,18
231.0,0.961,16.25
231.0,0.96,14.4
231.0,0.875,10.4
231.0,1.0,9.15
231.0,1.0,10.05
231.0,1.0,15.5
231.0,0.952,18.2
231.0,0.9,16.35
231.0,1.0,15
231.0,0.722,17.35
231.0,0.923,16.2
231.0,1.0,15.05
231.0,0.916,17.3
231.0,0.818,16
231.0,0.888,15.1
231.0,0.749,18.1
232.0,0.631,8.05
232.0,0.981,10.55
232.0,0.865,16.2
232.0,0.978,20.35
232.0,0.906,10.25
232.0,1.0,10.4
232.0,0.993,13.2
232.0,0.932,17.4
232.0,0.921,10.45
232.0,0.985,15.5
232.0,0.877,18.3
232.0,0.991,18.1
232.0,0.909,20.05
232.0,0.99,19.4
232.0,1.0,18.55
232.0,0.935,20.1
232.0,0.98,20.4
232.0,1.0,15.35
232.0,0.99,17.35
232.0,0.949,12.1
232.0,0.968,8.25
232.0,0.978,18.35
232.0,0.966,18
232.0,0.976,16.25
232.0,0.988,10.35
232.0,0.987,15.45
232.0,0.987,21.1
232.0,0.913,19.15
232.0,0.878,10.2
232.0,0.984,17.55
232.0,1.0,18.25
232.0,0.953,20.45
232.0,0.934,18.5
232.0,0.964,17.5
232.0,0.854,8
232.0,0.829,13.15
232.0,1.0,17.3
232.0,0.948,17.45
232.0,0.972,20.3
232.0,0.888,11.45
232.0,0.968,20
232.0,0.87,12.4
232.0,0.962,12.5
232.0,0.961,10.3
232.0,0.96,19.35
232.0,1.0,12.45
232.0,0.958,17.15
232.0,1.0,11.2
232.0,0.956,19.1
232.0,0.909,19.3
232.0,0.95,12.55
232.0,1.0,12.15
232.0,0.526,16.4
232.0,0.9,12.3
232.0,1.0,12.35
232.0,1.0,15.4
232.0,0.777,17.05
232.0,0.571,13
241.0,0.907,12.3
241.0,0.758,12.1
241.0,0.684,13.3
241.0,0.921,12.25
241.0,0.878,12.2
241.0,0.777,13.1
241.0,0.982,18.15
241.0,0.981,17.55
241.0,0.944,13.05
241.0,0.98,15.2
241.0,0.98,13.45
241.0,1.0,12.15
241.0,0.938,17.35
241.0,0.869,13.15
241.0,0.625,14
241.0,0.88,15
241.0,0.863,12.4
241.0,0.684,14.05
241.0,1.0,13.2
241.0,0.538,15.15
241.0,0.714,13.35
241.0,0.6,13.4
248.0,0.776,13.45
248.0,0.891,11.25
248.0,0.958,11.1
248.0,0.947,11.15
248.0,0.963,13.4
248.0,0.808,14.35
248.0,0.952,12.25
248.0,0.993,14.1
248.0,1.0,10.1
248.0,1.0,13.15
248.0,0.893,14.4
248.0,0.965,12.3
248.0,0.891,10.05
248.0,1.0,13.1
248.0,0.959,13.5
248.0,1.0,11.35
248.0,1.0,13.3
248.0,0.983,15.05
248.0,1.0,13.25
248.0,0.974,14
248.0,0.938,13
248.0,1.0,12.5
248.0,0.924,13.35
248.0,1.0,12.4
248.0,0.979,12.45
248.0,0.989,14.45
248.0,1.0,10.15
248.0,0.957,11.2
248.0,0.989,12.15
248.0,0.944,12
248.0,0.988,12.35
248.0,0.988,14.55
248.0,0.927,10.55
248.0,0.974,10.3
248.0,0.986,13.55
248.0,0.918,13.2
248.0,0.97,12.55
248.0,0.924,14.15
248.0,0.95,10.4
248.0,0.965,15
248.0,0.935,12.1
248.0,0.992,10
248.0,1.0,10.25
248.0,0.826,14.05
248.0,1.0,10.5
248.0,0.697,14.3
248.0,0.966,11.4
248.0,1.0,11.05
248.0,0.965,11.45
248.0,0.821,12.2
248.0,1.0,10.2
248.0,0.913,10.45
248.0,0.619,10.35
248.0,0.846,14.2
248.0,0.727,13.05
248.0,1.0,11
259.0,0.562,23.3
259.0,0.844,23.35
259.0,0.934,16.45
259.0,0.949,20.35
259.0,0.962,22.5
259.0,0.956,22.55
259.0,0.994,23.4
259.0,0.976,23
259.0,0.994,23.55
259.0,0.928,22.05
259.0,0.801,0
259.0,0.872,17
259.0,0.981,13
259.0,0.906,22.35
259.0,0.969,14.05
259.0,0.978,22.1
259.0,0.989,15.3
259.0,0.989,0.15000000000000002
259.0,0.922,12.55
259.0,1.0,20.3
259.0,0.975,22.25
259.0,1.0,15.5
259.0,0.987,22.4
259.0,0.95,22.45
259.0,0.96,15.55
259.0,0.931,15.1
259.0,0.882,22.15
259.0,1.0,16.1
259.0,0.9,16.35
259.0,1.0,0.05
259.0,0.981,23.1
259.0,1.0,22.3
259.0,0.99,23.05
259.0,0.99,0.2
259.0,0.977,15
259.0,0.963,12.5
259.0,0.979,16
259.0,1.0,0.1
259.0,0.958,14.1
259.0,0.869,16.4
259.0,0.975,16.25
259.0,0.974,22.2
259.0,0.921,15.15
259.0,0.971,14
259.0,0.882,15.25
259.0,0.966,21.5
259.0,1.0,20.25
259.0,0.655,20.4
259.0,0.894,14.4
259.0,1.0,13.3
259.0,1.0,15.4
259.0,0.941,22
259.0,1.0,15.35
259.0,0.937,15.45
259.0,0.933,21.3
259.0,1.0,14.5
259.0,0.928,21.1
259.0,0.769,15.05
259.0,1.0,13.45
259.0,0.8,14.35
259.0,0.874,14.15
259.0,1.0,13.2
259.0,0.857,16.05
259.0,1.0,13.1
259.0,1.0,14.55
259.0,0.5,15.2
259.0,0.666,21.2
260.0,0.483,20.05
260.0,0.931,8.55
260.0,0.933,9.3
260.0,0.841,16.5
260.0,0.716,8
260.0,0.881,9.15
260.0,0.925,19.55
260.0,1.0,16.55
260.0,0.994,19.35
260.0,0.988,15.15
260.0,0.967,20
260.0,0.949,13.55
260.0,0.964,7.5
260.0,0.962,8.3
260.0,1.0,13.35
260.0,0.961,16.4
260.0,0.94,7.55
260.0,0.936,8.05
260.0,0.909,8.5
260.0,1.0,8.25
260.0,1.0,19.15
260.0,0.975,19.45
260.0,0.974,7.4
260.0,0.973,13.3
260.0,0.891,13.15
260.0,0.969,7.45
260.0,0.906,16
260.0,0.931,8.2
260.0,0.962,13.2
260.0,0.961,9.4
260.0,1.0,13.25
260.0,0.96,17.45
260.0,0.958,16.35
260.0,1.0,10.15
260.0,1.0,16.1
260.0,0.956,19.5
260.0,0.954,13.5
260.0,0.952,8.35
260.0,1.0,8.45
260.0,0.85,15.4
260.0,1.0,10
260.0,1.0,10.1
260.0,0.882,19
260.0,1.0,16.45
260.0,0.933,19.25
260.0,0.928,9.05
260.0,1.0,15.45
260.0,0.923,16.25
260.0,1.0,16.3
260.0,0.833,17.35
260.0,1.0,10.05
260.0,0.9,17.5
260.0,0.888,12.2
260.0,0.874,19.4
260.0,1.0,8.1
260.0,1.0,10.2
260.0,0.857,17.55
260.0,1.0,9.2
260.0,1.0,9.45
260.0,0.666,17.4
260.0,0.749,16.15
261.0,0.989,8.45
261.0,0.993,14.45
261.0,0.972,8.4
261.0,0.915,13.45
261.0,0.869,10
261.0,0.911,9.55
261.0,0.956,9.45
261.0,0.969,8.35
261.0,0.916,14.5
261.0,0.823,13.2
261.0,0.868,9.5
261.0,0.992,12.1
261.0,0.968,9
261.0,0.917,13.15
261.0,0.99,13.25
261.0,0.963,12.2
261.0,0.962,8.5
261.0,0.843,13.1
261.0,0.988,9.1
261.0,0.988,15.15
261.0,0.976,9.15
261.0,0.926,14.55
261.0,0.947,11.45
261.0,0.986,7.2
261.0,0.929,8.55
261.0,0.924,8
261.0,0.868,12.35
261.0,0.981,9.35
261.0,0.884,15.05
261.0,1.0,8.3
261.0,0.934,14.05
261.0,0.976,15.35
261.0,0.928,9.2
261.0,0.974,8.25
261.0,0.973,7.35
261.0,0.972,15.2
261.0,0.944,15
261.0,0.941,14.25
261.0,0.906,9.05
261.0,0.965,14.1
261.0,1.0,9.3
261.0,1.0,11.4
261.0,0.964,12.5
261.0,1.0,11.55
261.0,0.962,12.55
261.0,1.0,9.25
261.0,0.923,12.45
261.0,1.0,7.25
261.0,0.958,8.15
261.0,0.956,13
261.0,0.818,13.4
261.0,0.888,13.05
261.0,1.0,9.4
261.0,0.874,12.05
261.0,0.857,14
261.0,1.0,7.4
261.0,1.0,8.05
261.0,0.916,12.4
261.0,0.909,14.4
261.0,1.0,7.3
261.0,0.7,12.3
261.0,1.0,8.2
261.0,0.571,11.3
261.0,0.749,15.25
261.0,1.0,11.35
261.0,1.0,12
266.0,0.917,13.5
266.0,0.907,11.15
266.0,0.894,15.05
266.0,0.992,19.05
266.0,0.925,15.1
266.0,0.964,11.25
266.0,0.983,19.5
266.0,0.991,18.55
266.0,0.876,11.3
266.0,0.99,11
266.0,0.985,10.45
266.0,0.9,13.25
266.0,0.917,10.2
266.0,0.849,15
266.0,0.95,6.55
266.0,0.977,16.5
266.0,0.916,14
266.0,0.975,10.5
266.0,0.965,10
266.0,0.955,18.3
266.0,0.925,10.25
266.0,0.98,11.35
266.0,1.0,10.35
266.0,0.969,13.35
266.0,0.978,13.55
266.0,0.892,17.05
266.0,1.0,11.2
266.0,0.987,15.25
266.0,0.975,7.4
266.0,0.95,15.2
266.0,1.0,13.3
266.0,0.973,17
266.0,0.918,20.05
266.0,0.97,10.3
266.0,0.924,17.55
266.0,0.95,9.2
266.0,0.931,10.4
266.0,1.0,14.45
266.0,0.962,16.55
266.0,0.942,16.2
266.0,0.979,17.1
266.0,0.958,9.55
266.0,1.0,8.15
266.0,0.956,17.2
266.0,0.931,15.35
266.0,0.975,15.15
266.0,0.975,14.05
266.0,0.948,17.15
266.0,1.0,11.4
266.0,0.945,13.4
266.0,0.942,7.1
266.0,0.939,16.3
266.0,1.0,11.05
266.0,1.0,15.3
266.0,0.967,20.1
266.0,0.9,13.45
266.0,0.888,19.1
266.0,0.958,14.55
266.0,0.782,14.35
266.0,0.888,19.15
266.0,0.5,15.55
266.0,1.0,17.5
266.0,0.749,19.2
266.0,0.666,11.1
272.0,0.873,11.2
272.0,0.988,23.35
272.0,0.855,23.3
272.0,0.914,21.35
272.0,0.778,11.25
272.0,0.972,23.4
272.0,0.683,14.5
272.0,0.873,13.35
272.0,0.978,23.1
272.0,0.94,18.45
272.0,0.858,11.3
272.0,0.917,14.55
272.0,0.9,14.45
272.0,0.994,17.1
272.0,0.977,15.05
272.0,0.977,22.45
272.0,0.947,11.35
272.0,0.975,11.4
272.0,0.93,12.3
272.0,0.938,13.4
272.0,0.942,22.4
272.0,0.984,13.45
272.0,0.914,21.2
272.0,0.923,18.4
272.0,0.925,11.45
272.0,0.78,13.05
272.0,1.0,13.15
272.0,0.91,23.15
272.0,0.901,12.35
272.0,1.0,13.3
272.0,0.953,17.05
272.0,0.885,12.45
272.0,1.0,14.1
272.0,0.907,16.55
272.0,0.877,17.5
272.0,0.976,22.5
272.0,1.0,16
272.0,0.952,16.35
272.0,0.875,16.4
272.0,0.971,14.15
272.0,0.823,13.1
272.0,0.857,13
272.0,0.958,12.55
272.0,1.0,11.55
272.0,0.956,15.4
272.0,1.0,13.25
272.0,1.0,16.1
272.0,0.954,18.35
272.0,0.857,14
272.0,0.944,13.2
272.0,0.941,17.45
272.0,0.874,22.55
272.0,0.857,15.55
272.0,1.0,11.5
272.0,1.0,14.25
272.0,0.833,15.15
272.0,0.9,16.45
272.0,0.888,16.05
272.0,1.0,13.5
272.0,0.874,17.2
272.0,1.0,13.55
272.0,1.0,15.3
272.0,1.0,17.15
272.0,1.0,20.55
272.0,0.857,22.15
272.0,1.0,15.35
272.0,1.0,17.25
272.0,1.0,19
272.0,0.833,20.5
272.0,1.0,14.4
272.0,1.0,18.25
272.0,0.8,23.05
272.0,1.0,15.25
272.0,0.749,18.5
277.0,0.589,10.15
277.0,0.994,10.2
277.0,0.848,13.2
277.0,0.888,13.3
277.0,0.951,12.5
277.0,0.919,11.4
277.0,0.952,13.15
277.0,0.924,12.45
277.0,0.972,12.2
277.0,0.916,13.45
277.0,0.898,11
277.0,0.955,14.3
277.0,0.952,12.4
277.0,0.864,11.25
277.0,0.971,12.15
277.0,0.97,15.15
277.0,0.924,12.55
277.0,0.983,16.5
277.0,0.983,10.4
277.0,0.847,14.1
277.0,0.98,16.35
277.0,0.918,16.1
277.0,1.0,12.3
277.0,1.0,13.55
277.0,0.977,15.5
277.0,1.0,13.25
277.0,0.931,15.2
277.0,0.975,15.05
277.0,0.975,16
277.0,0.974,15.35
277.0,0.973,13.35
277.0,0.918,12.25
277.0,1.0,11.1
277.0,0.97,13.5
277.0,0.727,11.35
277.0,1.0,13.4
277.0,0.958,16.15
277.0,0.652,16.25
277.0,0.733,11.2
277.0,0.909,16.05
277.0,0.9,16.4
277.0,0.777,16.45
277.0,0.857,17
279.0,0.336,15.4
279.0,0.778,13.45
279.0,0.929,12.5
279.0,0.578,12.45
279.0,0.991,12.1
279.0,0.856,11
279.0,0.94,13.1
279.0,0.944,17.35
279.0,0.991,13.25
279.0,0.949,12.4
279.0,0.884,12.15
279.0,1.0,12.2
279.0,0.909,12.35
279.0,0.901,13.15
279.0,0.939,17.55
279.0,0.987,13.3
279.0,0.934,13.4
279.0,0.816,11.05
279.0,0.81,12.3
279.0,0.936,11.5
279.0,0.886,13.2
279.0,0.901,12.05
279.0,0.966,14.2
279.0,0.941,11.4
279.0,0.843,11.55
279.0,0.925,12.25
279.0,1.0,11.35
279.0,0.48,17.4
279.0,0.916,17.5
279.0,1.0,11.45
279.0,0.909,12.55
279.0,1.0,11.25
279.0,0.9,11.3
279.0,1.0,11.15
279.0,0.333,13.05
282.0,0.996,10.2
282.0,0.95,20.55
282.0,0.937,17.2
282.0,0.955,20.4
282.0,0.987,9.5
282.0,0.949,10.5
282.0,0.891,20.2
282.0,0.971,9.3
282.0,0.951,10.15
282.0,0.959,16.1
282.0,1.0,9.55
282.0,0.989,17.25
282.0,0.946,9.45
282.0,0.943,10.05
282.0,0.988,10
282.0,0.951,20.15
282.0,0.962,10.35
282.0,0.776,16.5
282.0,0.847,16.55
282.0,0.98,13.4
282.0,0.974,10.3
282.0,0.921,9.15
282.0,1.0,10.25
282.0,0.977,13.55
282.0,0.976,14.2
282.0,0.976,14.1
282.0,0.975,14.15
282.0,1.0,10.4
282.0,0.875,19.5
282.0,0.971,19.05
282.0,0.97,15.1
282.0,0.757,9.2
282.0,1.0,9.35
282.0,0.88,14.55
282.0,0.909,16.2
282.0,1.0,15.05
282.0,0.95,15.45
282.0,0.947,14.3
282.0,0.777,18.35
282.0,0.857,19.25
282.0,1.0,9.25
282.0,0.833,17
282.0,0.9,9.4
282.0,1.0,19.4
282.0,0.888,20.25
282.0,0.874,15.4
282.0,1.0,14.35
282.0,0.714,14.5
282.0,1.0,20
282.0,0.6,20.3
282.0,0.666,12.2
283.0,0.744,10.15
283.0,0.979,10.1
283.0,0.971,14.1
283.0,0.676,9
283.0,0.957,9.15
283.0,0.911,18.45
283.0,0.981,9.1
283.0,1.0,10.35
283.0,0.981,16.05
283.0,0.949,16.3
283.0,0.986,9.05
283.0,0.918,13.25
283.0,0.889,14.25
283.0,0.991,9.3
283.0,0.891,13.2
283.0,0.691,11
283.0,1.0,12.3
283.0,0.878,13.3
283.0,0.938,18.4
283.0,0.918,12.35
283.0,0.875,18.2
283.0,1.0,16.5
283.0,0.795,18
283.0,0.948,10.55
283.0,0.864,18.15
283.0,0.968,18.1
283.0,0.903,10.3
283.0,0.928,18.05
283.0,0.923,19
283.0,1.0,9.35
283.0,0.916,10.25
283.0,0.909,19.05
283.0,1.0,10.5
283.0,0.9,12.05
283.0,0.888,17.4
283.0,0.937,18.55
283.0,0.666,16.55
283.0,0.9,11.25
283.0,0.888,17.45
283.0,1.0,12.15
283.0,0.874,17
283.0,1.0,11.55
283.0,0.857,12.25
283.0,0.902,19.1
283.0,0.923,19.2
283.0,0.8,17.15
283.0,0.5,12.1
300.0,0.808,8.4
300.0,0.916,16.4
300.0,0.99,17.1
300.0,0.864,16.45
300.0,0.982,17.05
300.0,0.945,19.1
300.0,0.892,8.05
300.0,0.978,8.25
300.0,0.859,17
300.0,0.989,16.5
300.0,0.907,14.45
300.0,0.977,8.35
300.0,0.941,12
300.0,0.981,18
300.0,0.949,8.1
300.0,0.993,8.5
300.0,0.966,9.05
300.0,1.0,15
300.0,0.924,16.35
300.0,0.94,16.55
300.0,0.992,14.5
300.0,0.952,8.3
300.0,1.0,8.15
300.0,0.966,9
300.0,0.982,14.2
300.0,0.991,17.45
300.0,0.991,12.5
300.0,1.0,10.4
300.0,0.963,13.05
300.0,0.971,15.05
300.0,0.961,18.15
300.0,1.0,8.45
300.0,0.99,18.2
300.0,0.979,10.45
300.0,0.979,8.55
300.0,0.989,10.35
300.0,0.989,14.55
300.0,0.989,9.3
300.0,0.891,9.1
300.0,0.878,14.4
300.0,0.986,15.15
300.0,1.0,7.55
300.0,0.957,8.2
300.0,0.941,18.05
300.0,0.968,9.25
300.0,0.983,12.1
300.0,0.819,18.5
300.0,0.96,13.45
300.0,0.979,17.5
300.0,0.978,13.5
300.0,1.0,7.4
300.0,1.0,11.25
300.0,0.978,12.55
300.0,0.987,8
300.0,0.922,16.2
300.0,0.975,11.5
300.0,0.95,18.1
300.0,0.973,12.45
300.0,0.918,10.5
300.0,0.941,10.55
300.0,0.968,12.4
300.0,0.935,17.55
300.0,0.758,18.25
300.0,0.59,12.05
300.0,0.923,12.35
300.0,0.666,13
300.0,0.874,11.55
300.0,0.428,7.45
302.0,0.921,16.35
302.0,0.972,16.25
302.0,0.86,16.3
302.0,0.879,16.45
302.0,0.802,16.15
302.0,0.987,16.4
302.0,0.961,15.35
302.0,0.968,17.1
302.0,0.827,17.55
302.0,0.995,16.55
302.0,0.943,15.45
302.0,0.928,16
302.0,1.0,16.2
302.0,0.897,17.25
302.0,0.75,11.35
302.0,0.857,11.5
302.0,0.855,11.55
302.0,0.987,11.4
302.0,0.954,17.15
302.0,0.841,18
302.0,0.95,10.45
302.0,0.952,12
302.0,0.91,17.05
302.0,0.993,15.3
302.0,0.919,11.15
302.0,0.847,12.5
302.0,0.974,11.05
302.0,1.0,11.2
302.0,0.815,12.05
302.0,0.967,11.25
302.0,0.866,12.1
302.0,0.692,11.1
302.0,0.777,12.4
302.0,0.428,12.15
302.0,0.333,12.3
302.0,1.0,12.55
304.0,0.975,11.2
304.0,0.839,10.25
304.0,0.958,11.05
304.0,0.988,9.15
304.0,0.991,10.2
304.0,0.985,10.15
304.0,0.975,11.15
304.0,0.901,10.1
304.0,0.825,10.5
304.0,0.987,11.25
304.0,0.885,10.35
304.0,0.949,16.1
304.0,1.0,9.35
304.0,0.945,9.5
304.0,0.978,14.1
304.0,0.994,11
304.0,1.0,9.25
304.0,0.983,9.3
304.0,1.0,9.2
304.0,0.994,14.15
304.0,0.977,9.45
304.0,0.983,12.25
304.0,0.959,15.45
304.0,0.994,10.55
304.0,0.993,14.25
304.0,0.975,9.55
304.0,0.987,10.4
304.0,0.993,13.55
304.0,0.987,9.4
304.0,0.987,10.3
304.0,0.993,14.05
304.0,0.862,10.45
304.0,0.992,13.4
304.0,0.992,13.2
304.0,0.899,12.4
304.0,0.991,12.15
304.0,0.991,12.35
304.0,0.991,10.05
304.0,0.859,10
304.0,0.877,12.45
304.0,0.976,16
304.0,0.904,14.35
304.0,0.947,13.15
304.0,0.944,16.05
304.0,0.911,14.45
304.0,0.967,15.05
304.0,0.9,15.35
304.0,0.944,13.05
304.0,0.941,15.5
304.0,0.916,14.3
304.0,0.954,14.4
304.0,0.857,12.5
304.0,0.944,14.2
304.0,0.941,12.55
304.0,0.906,13.3
304.0,0.931,13.1
304.0,0.703,13.35
304.0,0.736,12.3
308.0,0.878,12.2
308.0,0.653,12.25
308.0,0.971,12.15
308.0,0.892,13.2
308.0,0.899,18.45
308.0,0.727,11.45
308.0,0.977,12.3
308.0,0.801,18.2
308.0,0.89,15
308.0,0.962,14
308.0,0.998,10.5
308.0,0.946,14.35
308.0,0.985,11
308.0,0.956,12.1
308.0,0.984,14.45
308.0,0.992,13.1
308.0,0.969,12.05
308.0,0.984,11.15
308.0,0.991,18.3
308.0,0.967,12.35
308.0,0.966,11.4
308.0,0.965,13.15
308.0,0.99,18.4
308.0,0.981,11.3
308.0,0.972,11.2
308.0,0.961,17.5
308.0,0.93,14.4
308.0,0.989,11.25
308.0,0.924,10.55
308.0,0.895,11.1
308.0,0.961,13.4
308.0,1.0,13.05
308.0,0.959,18.15
308.0,0.859,15.05
308.0,0.95,13.3
308.0,0.982,13.25
308.0,0.964,15.1
308.0,0.981,19
308.0,0.814,15.4
308.0,0.977,18.55
308.0,0.976,12.4
308.0,0.952,18
308.0,1.0,11.35
308.0,0.925,19.1
308.0,0.837,15.3
308.0,0.967,17.05
308.0,0.933,11.5
308.0,0.928,18.5
308.0,0.807,15.55
308.0,0.904,12.55
308.0,1.0,13.35
308.0,0.947,19.15
308.0,0.888,18.25
308.0,0.937,18.35
308.0,0.866,19.25
308.0,0.923,13.45
308.0,1.0,11.05
308.0,1.0,16.25
308.0,0.583,19.2
308.0,0.571,17
309.0,0.818,9.55
309.0,0.922,15.55
309.0,0.805,11.2
309.0,0.983,13.1
309.0,0.934,15.2
309.0,0.982,14.3
309.0,0.991,11.35
309.0,0.981,11.25
309.0,0.99,9.5
309.0,0.99,10.05
309.0,0.915,14.05
309.0,0.897,11.55
309.0,0.979,11.3
309.0,0.974,9.45
309.0,0.964,11.15
309.0,0.925,14.1
309.0,0.92,16.3
309.0,0.913,11.05
309.0,0.952,10.1
309.0,0.883,12.1
309.0,0.981,13.05
309.0,1.0,12.5
309.0,0.903,16.15
309.0,1.0,10.55
309.0,0.851,15.05
309.0,0.975,13
309.0,0.974,15.25
309.0,0.947,12.2
309.0,0.916,15.5
309.0,0.909,16
309.0,0.966,11
309.0,0.965,10
309.0,0.964,16.2
309.0,0.962,13.2
309.0,0.961,14.35
309.0,0.96,12.45
309.0,0.958,12.55
309.0,0.826,10.5
309.0,0.947,12.4
309.0,1.0,11.1
309.0,0.944,13.3
309.0,0.882,14.2
309.0,1.0,12.3
309.0,0.6,14.25
309.0,1.0,10.15
309.0,0.888,13.25
309.0,0.874,14.4
309.0,1.0,14.15
310.0,0.715,11.35
310.0,0.916,10.1
310.0,0.941,9.4
310.0,0.996,10.4
310.0,0.932,18.2
310.0,0.993,11.45
310.0,0.934,10.55
310.0,1.0,10.15
310.0,0.992,18.15
310.0,0.959,21.05
310.0,0.996,15.4
310.0,0.976,11.1
310.0,0.96,17.2
310.0,0.987,15.45
310.0,0.974,12.45
310.0,0.991,11.2
310.0,0.943,10.05
310.0,0.995,18.25
310.0,0.99,16.4
310.0,0.976,11.15
310.0,0.971,15.5
310.0,0.972,19.05
310.0,0.967,21.1
310.0,0.994,12.35
310.0,1.0,12.15
310.0,0.936,20.2
310.0,0.949,12.2
310.0,0.996,16.1
310.0,0.968,13
310.0,0.993,19.2
310.0,0.962,20.15
310.0,0.987,19.25
310.0,0.941,20
310.0,1.0,11.25
310.0,0.958,17.15
310.0,0.985,18.3
310.0,0.912,16.3
310.0,0.968,20.25
310.0,0.991,9.55
310.0,0.95,10.35
310.0,1.0,11.3
310.0,0.973,16.25
310.0,0.981,20.3
310.0,0.853,11.4
310.0,0.989,12.3
310.0,0.989,18.1
310.0,0.956,16.45
310.0,0.988,10.45
310.0,1.0,16.15
310.0,0.906,18.35
310.0,0.987,12.1
310.0,1.0,12.55
310.0,0.987,18
310.0,0.973,16.2
310.0,1.0,17.4
310.0,0.972,20.45
310.0,0.986,19.1
310.0,0.915,12.4
310.0,0.984,17.3
310.0,0.937,17.5
310.0,0.933,10.2
310.0,0.982,12
310.0,0.981,16.5
310.0,1.0,10
310.0,1.0,10.3
310.0,0.981,18.4
310.0,0.735,11.05
310.0,0.974,20.4
310.0,0.973,11
310.0,0.945,10.25
310.0,0.799,20.1
310.0,1.0,17.35
310.0,0.964,19
310.0,0.925,16
310.0,1.0,9.5
310.0,0.96,20.55
310.0,1.0,17.05
310.0,0.958,17.55
310.0,0.956,19.3
310.0,1.0,17.25
310.0,0.909,20.5
310.0,1.0,12.05
310.0,0.95,18.5
310.0,0.789,17.1
310.0,0.866,19.5
310.0,1.0,18.05
310.0,0.923,18.55
310.0,0.75,20.35
310.0,1.0,17
310.0,0.777,19.35
310.0,0.428,19.4
311.0,0.864,11.55
311.0,0.873,21.05
311.0,0.997,12.2
311.0,0.909,12.1
311.0,0.987,20.2
311.0,0.984,12
311.0,0.978,12.15
311.0,0.996,12.05
311.0,0.943,17.45
311.0,0.986,17.15
311.0,0.948,15
311.0,0.913,21.2
311.0,0.956,12.45
311.0,0.995,12.25
311.0,0.864,13.15
311.0,0.89,20.55
311.0,0.962,13.2
311.0,0.933,13.4
311.0,0.946,18.45
311.0,0.962,12.3
311.0,0.973,12.55
311.0,0.979,20.15
311.0,0.952,12.4
311.0,0.985,22.3
311.0,0.918,17.4
311.0,0.937,11.5
311.0,0.966,22.25
311.0,0.999,22.35
311.0,0.991,17.35
311.0,0.973,14.55
311.0,0.936,12.5
311.0,0.922,22.05
311.0,0.831,13.25
311.0,0.962,19.5
311.0,0.973,13
311.0,0.986,22
311.0,0.945,14.15
311.0,0.942,20.45
311.0,0.907,12.35
311.0,0.847,20.4
311.0,0.9,21.45
311.0,1.0,13.3
311.0,0.977,21.35
311.0,0.954,17.1
311.0,0.904,13.45
311.0,1.0,14
311.0,0.973,19.45
311.0,0.945,19.2
311.0,1.0,19.25
311.0,0.971,20
311.0,0.911,21.25
311.0,0.967,21.3
311.0,0.766,21.55
311.0,1.0,13.5
311.0,0.826,19.35
311.0,0.947,18.55
311.0,0.666,20.1
311.0,0.833,20.25
311.0,0.7,17.05
312.0,0.421,22.1
312.0,0.967,21.5
312.0,0.937,11.25
312.0,0.939,11.3
312.0,0.983,11.45
312.0,0.933,13.25
312.0,0.952,15.05
312.0,0.957,11.4
312.0,0.941,21.45
312.0,0.965,22.05
312.0,1.0,13.4
312.0,0.985,13.55
312.0,0.978,22.25
312.0,0.748,22.15
312.0,0.96,22
312.0,0.969,14
312.0,0.957,21.55
312.0,0.655,13.3
312.0,0.864,10.4
312.0,0.96,11.1
312.0,0.938,10.5
312.0,0.956,11.2
312.0,1.0,13.5
312.0,0.863,17.35
312.0,0.973,17.45
312.0,0.876,13.35
312.0,0.986,22.4
312.0,0.968,10.35
312.0,0.935,22.3
312.0,0.931,22.2
312.0,0.925,17.3
312.0,1.0,14.5
312.0,1.0,15
312.0,0.8,15.4
312.0,0.8,15.15
312.0,0.749,13.45
312.0,1.0,14.45
312.0,0.916,17.25
312.0,0.727,15.1
312.0,1.0,10.45
312.0,1.0,10.55
312.0,0.874,14.05
312.0,0.714,15.35
312.0,1.0,11
312.0,0.8,15.2
312.0,0.749,11.15
313.0,0.888,14.05
313.0,0.477,14.1
313.0,0.994,15.4
313.0,0.878,14.55
313.0,0.93,14.15
313.0,0.993,13.05
313.0,0.784,17.45
313.0,0.848,13.1
313.0,0.99,12.55
313.0,1.0,12.5
313.0,0.985,15.2
313.0,0.951,16.35
313.0,0.888,10.25
313.0,0.96,15.15
313.0,0.952,12.15
313.0,0.894,16.3
313.0,0.979,15.05
313.0,0.921,10.1
313.0,0.946,12.25
313.0,0.959,10.55
313.0,0.983,10.2
313.0,0.913,10.4
313.0,0.962,11.55
313.0,0.892,11.5
313.0,1.0,11
313.0,0.945,15
313.0,0.813,9.55
313.0,0.928,10.15
313.0,0.923,10.3
313.0,0.716,10.05
313.0,0.86,10
313.0,0.324,12.4
313.0,0.833,11.2
313.0,0.7,11.3
313.0,0.428,11.35
320.0,0.112,15.45
320.0,0.837,13.35
320.0,0.902,18.2
320.0,0.745,12.15
320.0,0.96,12.2
320.0,0.89,12.05
320.0,0.984,17.4
320.0,0.968,13.4
320.0,0.983,17.55
320.0,0.983,18.05
320.0,1.0,12.45
320.0,0.983,17.45
320.0,0.932,11.3
320.0,0.981,12.25
320.0,0.962,17
320.0,0.961,17.25
320.0,1.0,13.3
320.0,0.96,18.45
320.0,0.979,18.5
320.0,1.0,11.5
320.0,0.936,13.25
320.0,0.977,11.4
320.0,0.884,16.55
320.0,0.999,11.25
320.0,0.947,11.35
320.0,0.944,13.45
320.0,0.97,13.15
320.0,0.969,12.5
320.0,0.968,17.05
320.0,0.87,17.1
320.0,0.925,18.4
320.0,0.96,16.5
320.0,0.875,19
320.0,0.857,12.4
320.0,0.888,12
320.0,0.937,13.05
320.0,0.866,18.3
320.0,0.923,18.35
320.0,1.0,18.1
320.0,0.75,18.55
320.0,1.0,11.55
320.0,0.777,19.1
320.0,1.0,12.1
320.0,0.714,18.25
320.0,0.6,19.15
320.0,0.666,17.15
330.0,0.552,11.3
330.0,0.964,10.5
330.0,0.992,10.3
330.0,0.987,10.4
330.0,0.922,11.5
330.0,0.986,11.35
330.0,0.978,11.25
330.0,0.978,11.2
330.0,0.985,11.1
330.0,0.952,10.35
330.0,0.923,13
330.0,0.957,12.55
330.0,0.991,12.15
330.0,1.0,11.45
330.0,0.981,12.45
330.0,0.963,11.05
330.0,1.0,11.15
330.0,0.971,12.35
330.0,0.872,10.55
330.0,0.988,17.2
330.0,0.988,18.2
330.0,1.0,12.2
330.0,0.931,12.3
330.0,0.962,17.35
330.0,0.923,12.4
330.0,0.75,12.05
330.0,0.981,12
330.0,0.962,17.3
330.0,0.745,11.55
330.0,1.0,12.25
330.0,0.956,12.5
330.0,0.99,18.35
330.0,0.861,12.1
330.0,0.87,17.15
330.0,1.0,17.05
330.0,0.666,18.3
330.0,0.888,11
330.0,0.812,11.4
330.0,0.538,16.4
330.0,0.428,18.25
332.0,0.651,15.5
332.0,0.981,15.45
332.0,0.892,11.2
332.0,0.91,15.2
332.0,0.953,10.25
332.0,0.939,15.4
332.0,0.935,14.2
332.0,0.965,9.4
332.0,0.928,16.15
332.0,0.93,15.35
332.0,0.983,9.45
332.0,0.991,9.5
332.0,0.83,9.35
332.0,0.938,11.3
332.0,0.902,13.5
332.0,0.855,11
332.0,0.957,10
332.0,0.97,10.55
332.0,0.969,15.05
332.0,1.0,11.1
332.0,0.953,11.15
332.0,0.901,11.25
332.0,0.981,10.1
332.0,0.814,16.1
332.0,0.977,13.25
332.0,0.906,15.1
332.0,0.923,10.5
332.0,0.977,15.15
332.0,0.994,9.3
332.0,0.799,13.45
332.0,1.0,13.55
332.0,1.0,14
332.0,0.821,14.1
332.0,0.956,10.2
332.0,0.954,11.05
332.0,1.0,10.05
332.0,0.904,10.15
332.0,0.736,14.25
332.0,0.857,14.05
332.0,0.916,15.3
332.0,1.0,10.45
332.0,0.727,13.35
332.0,0.5,14.45
334.0,0.915,20.35
334.0,0.915,15.5
334.0,0.837,20
334.0,0.789,15.55
334.0,0.922,16
334.0,0.893,15.45
334.0,0.711,20.05
334.0,0.972,23.5
334.0,0.928,22.55
334.0,0.976,23.55
334.0,0.912,16.3
334.0,0.973,16.5
334.0,0.917,23.4
334.0,0.963,14.3
334.0,0.989,16.15
334.0,0.979,19.35
334.0,0.979,0.35000000000000003
334.0,0.989,14.35
334.0,0.978,22.1
334.0,1.0,0.2
334.0,0.945,15.2
334.0,0.883,0.05
334.0,0.986,21.55
334.0,0.986,22.25
334.0,0.972,0.1
334.0,0.93,17.1
334.0,0.985,22.3
334.0,0.984,23.15
334.0,0.984,23.3
334.0,1.0,0.4
334.0,0.968,17
334.0,1.0,0
334.0,0.935,23.25
334.0,1.0,17.2
334.0,0.965,22
334.0,0.982,19.5
334.0,0.945,15.3
334.0,0.961,22.35
334.0,0.919,18.2
334.0,0.978,0.15000000000000002
334.0,0.977,23.45
334.0,0.954,22.2
334.0,0.952,19.1
334.0,0.95,14.55
334.0,0.921,21.5
334.0,0.971,22.5
334.0,0.941,15.1
334.0,1.0,16.55
334.0,0.874,22.45
334.0,0.857,15.05
334.0,0.958,18.3
334.0,1.0,16.05
334.0,0.956,23.2
334.0,0.909,15.4
334.0,1.0,14.5
334.0,0.85,22.15
334.0,0.941,14.4
334.0,0.941,21.4
334.0,0.995,0.45
334.0,1.0,17.3
334.0,0.933,18.25
334.0,0.857,23
334.0,0.916,14.45
334.0,0.727,17.55
334.0,1.0,17.35
334.0,0.874,21.45
334.0,1.0,0.25
334.0,1.0,0.30000000000000004
334.0,0.857,16.4
334.0,1.0,15
334.0,1.0,16.25
334.0,0.833,23.05
334.0,0.8,17.4
334.0,1.0,16.2
334.0,0.5,16.35
335.0,0.768,15.2
335.0,0.924,12.05
335.0,0.894,15.35
335.0,0.885,11.35
335.0,0.945,10.45
335.0,0.927,20.3
335.0,0.888,20.35
335.0,0.996,11
335.0,0.995,20.25
335.0,0.996,15
335.0,0.901,16.4
335.0,1.0,15.3
335.0,0.995,19.4
335.0,0.986,17.15
335.0,0.969,9.3
335.0,0.977,16.35
335.0,0.971,11.2
335.0,0.956,17.2
335.0,0.979,10.15
335.0,0.984,17.4
335.0,1.0,13.05
335.0,0.979,18
335.0,0.984,19.3
335.0,0.978,20
335.0,0.906,10
335.0,0.981,15.25
335.0,0.987,16.5
335.0,0.968,16
335.0,0.993,14.55
335.0,0.992,19.45
335.0,0.954,9.25
335.0,0.986,12.45
335.0,0.993,15.4
335.0,0.985,12.55
335.0,1.0,10.1
335.0,0.978,10.35
335.0,0.963,9.5
335.0,0.969,19.55
335.0,0.992,17.35
335.0,0.992,10.05
335.0,1.0,12.4
335.0,0.992,19.35
335.0,0.992,12.35
335.0,0.991,13.5
335.0,0.951,11.15
335.0,0.982,16.55
335.0,0.991,17.55
335.0,0.929,17.1
335.0,1.0,10.3
335.0,0.962,16.45
335.0,0.99,11.05
335.0,0.97,10.4
335.0,0.979,18.45
335.0,1.0,9.55
335.0,1.0,10.55
335.0,0.968,18.05
335.0,1.0,16.3
335.0,0.956,18.1
335.0,0.988,10.5
335.0,1.0,9.4
335.0,0.977,12.25
335.0,0.976,15.55
335.0,1.0,15.5
335.0,0.964,19.15
335.0,0.962,17.05
335.0,0.974,17
335.0,0.986,19
335.0,0.96,9.35
335.0,0.986,10.2
335.0,0.985,18.15
335.0,0.957,12.5
335.0,0.94,12.15
335.0,0.984,9.45
335.0,1.0,16.05
335.0,0.951,17.25
335.0,0.966,12.3
335.0,0.982,11.1
335.0,0.982,10.25
335.0,1.0,14.35
335.0,0.981,17.5
335.0,0.981,14.4
335.0,0.962,18.2
335.0,0.96,16.25
335.0,0.857,17.45
335.0,0.857,19.1
335.0,0.777,18.5
335.0,0.964,16.2
335.0,0.777,12.2
335.0,0.904,13.35
335.0,0.894,19.05
335.0,0.529,13
336.0,0.714,18.4
336.0,0.865,15.05
336.0,0.592,21
336.0,0.949,17.3
336.0,0.731,13.55
336.0,0.926,18.45
336.0,0.947,14.1
336.0,0.986,15.35
336.0,0.83,21.05
336.0,0.983,14.2
336.0,0.982,17.15
336.0,0.947,15.1
336.0,0.983,16.2
336.0,0.941,11.35
336.0,0.96,15.15
336.0,0.958,16.5
336.0,0.956,16.35
336.0,0.818,14.15
336.0,0.972,18
336.0,0.742,16.3
336.0,0.961,20.55
336.0,1.0,11.25
336.0,0.919,15.5
336.0,0.956,18.2
336.0,0.909,16.4
336.0,1.0,14.05
336.0,0.85,15.3
336.0,1.0,16.1
336.0,0.941,17
336.0,1.0,16.05
336.0,0.937,17.55
336.0,0.933,16.45
336.0,0.857,18.25
336.0,1.0,15.55
336.0,0.916,17.4
336.0,0.454,18.05
336.0,1.0,16.15
338.0,0.854,16
338.0,0.97,11.25
338.0,0.935,13.1
338.0,0.965,13.05
338.0,0.948,17.25
338.0,0.849,11.3
338.0,0.958,11.35
338.0,0.923,13.35
338.0,0.982,15.45
338.0,0.868,11.45
338.0,0.966,19
338.0,0.956,14.05
338.0,0.99,13.25
338.0,0.995,16.5
338.0,0.99,10.3
338.0,0.995,14.1
338.0,0.981,17.3
338.0,0.98,16.35
338.0,0.99,9.5
338.0,0.916,13.3
338.0,0.941,15.55
338.0,0.988,14.55
338.0,0.977,11.15
338.0,0.982,11.2
338.0,0.988,15.4
338.0,1.0,11.05
338.0,0.987,12.3
338.0,0.957,15.5
338.0,0.98,16.4
338.0,0.986,17.35
338.0,1.0,12.05
338.0,0.986,16.25
338.0,0.979,16.3
338.0,0.979,12.15
338.0,0.993,17
338.0,0.922,11.4
338.0,0.954,14.5
338.0,0.992,16.05
338.0,0.983,16.2
338.0,0.983,17.45
338.0,0.983,12.35
338.0,0.974,17.05
338.0,0.93,16.45
338.0,0.971,13.4
338.0,1.0,12.1
338.0,0.98,12.5
338.0,0.99,11
338.0,0.96,14
338.0,0.969,17.2
338.0,0.946,10.55
338.0,0.977,12
338.0,0.919,12.55
338.0,1.0,10.1
338.0,0.975,14.4
338.0,0.91,18.5
338.0,0.971,14.45
338.0,0.985,10.25
338.0,1.0,11.5
338.0,1.0,16.15
338.0,0.985,20.15
338.0,0.985,12.25
338.0,0.909,10.15
338.0,0.983,13.2
338.0,1.0,13
338.0,0.966,15.25
338.0,1.0,13.55
338.0,0.982,16.1
338.0,0.994,17.4
338.0,0.915,10.45
338.0,0.98,12.2
338.0,0.919,13.15
338.0,0.978,11.55
338.0,0.911,17.1
338.0,0.975,13.5
338.0,0.95,20.05
338.0,0.947,10.05
338.0,1.0,15
338.0,0.944,16.55
338.0,0.97,14.2
338.0,0.939,9.55
338.0,0.967,19.1
338.0,0.866,17.15
338.0,0.923,13.45
338.0,0.75,10.5
338.0,0.944,14.35
338.0,0.941,14.25
338.0,0.937,10
338.0,1.0,12.4
338.0,0.799,12.45
338.0,0.916,11.1
338.0,0.727,19.5
421.0,0.753,18.2
421.0,0.943,18.1
421.0,0.621,18.15
421.0,0.953,18.3
421.0,0.975,10.2
421.0,0.875,10.45
421.0,0.98,10
421.0,0.907,10.4
421.0,0.989,10.5
421.0,0.983,11.05
421.0,0.989,11.25
421.0,0.872,18.05
421.0,1.0,11
421.0,0.974,17
421.0,0.98,10.1
421.0,0.993,11.1
421.0,1.0,10.25
421.0,0.926,11.35
421.0,0.942,11.2
421.0,0.981,10.05
421.0,0.877,9.5
421.0,0.964,10.3
421.0,0.805,10.35
421.0,0.919,10.15
421.0,0.862,12.3
421.0,0.84,18
421.0,0.896,17.5
421.0,0.711,12
421.0,0.918,14.3
421.0,0.97,17.05
421.0,0.939,14.45
421.0,0.806,12.4
421.0,0.88,13.35
421.0,1.0,12.2
421.0,0.909,13.3
421.0,0.85,17.45
421.0,0.941,17.15
421.0,1.0,13.2
421.0,0.562,17.35
421.0,0.555,13.15
421.0,1.0,14.2
421.0,0.8,17.2
421.0,0.749,17.4
425.0,0.837,12.45
425.0,0.842,12.35
425.0,0.933,13
425.0,0.793,11.2
425.0,0.887,14.45
425.0,0.925,10.25
425.0,0.957,12.25
425.0,0.98,12.05
425.0,0.919,12.55
425.0,0.983,10.15
425.0,0.955,11.15
425.0,0.859,10.2
425.0,0.897,12.5
425.0,0.984,12.15
425.0,0.853,12
425.0,0.846,15.5
425.0,0.595,14.5
425.0,0.767,15
425.0,0.906,15.1
425.0,0.923,12.1
425.0,0.166,15.15
426.0,0.697,8.5
426.0,0.957,18.05
426.0,0.912,13.35
426.0,0.993,8.55
426.0,0.936,13.5
426.0,0.838,13.3
426.0,0.778,14.1
426.0,0.965,14
426.0,0.952,20.15
426.0,1.0,16.25
426.0,0.888,20.3
426.0,0.972,9.1
426.0,0.985,20.1
426.0,0.971,14.2
426.0,1.0,16.5
426.0,1.0,19.25
426.0,0.97,19.5
426.0,0.923,13.4
426.0,0.95,14.25
426.0,0.817,9
426.0,0.986,14.3
426.0,0.934,16.35
426.0,0.837,9.05
426.0,0.972,16.3
426.0,0.685,20
426.0,0.929,20.2
426.0,0.941,13.1
426.0,0.952,9.4
426.0,0.8,20.35
426.0,0.374,9.3
427.0,0.759,11
427.0,0.975,13.5
427.0,0.983,8.25
427.0,0.975,11.1
427.0,0.975,9.55
427.0,0.959,8.35
427.0,0.987,10.45
427.0,0.967,8.45
427.0,0.929,8.3
427.0,0.99,13.45
427.0,0.993,14.35
427.0,0.979,14.45
427.0,0.921,11.05
427.0,0.984,8.05
427.0,0.891,8.4
427.0,0.998,14.5
427.0,0.97,13.3
427.0,0.984,8.5
427.0,0.996,13.55
427.0,0.956,9.4
427.0,0.961,14.25
427.0,0.963,8.2
427.0,0.986,13.2
427.0,0.985,14
427.0,1.0,7.55
427.0,0.989,10.5
427.0,0.967,14.3
427.0,1.0,12.1
427.0,0.981,14.4
427.0,0.835,9.35
427.0,0.936,8
427.0,0.96,10
427.0,0.949,13.35
427.0,1.0,14.05
427.0,0.967,14.15
427.0,0.991,13.4
427.0,0.958,7.5
427.0,0.982,13.25
427.0,1.0,8.55
427.0,0.946,9
427.0,0.975,9.5
427.0,0.967,12.35
427.0,0.96,12.4
427.0,0.993,12.5
427.0,0.729,14.1
427.0,0.885,13.1
427.0,0.87,9.25
427.0,0.962,12.55
427.0,0.782,9.15
427.0,0.967,13.05
427.0,0.881,14.2
427.0,0.923,12.45
427.0,0.77,9.1
427.0,0.783,12.3
427.0,0.931,12.2
427.0,0.814,12.25
427.0,0.681,10.3
427.0,0.533,13.15
431.0,0.885,17.3
431.0,0.989,17.45
431.0,0.988,17.4
431.0,0.942,10.1
431.0,0.966,10.3
431.0,0.926,17.1
431.0,0.967,17.05
431.0,0.936,10.05
431.0,0.922,10.35
431.0,0.944,10.2
431.0,0.988,9.5
431.0,0.991,10.15
431.0,0.965,10.25
431.0,0.914,17
431.0,0.967,9.3
431.0,0.976,18.1
431.0,1.0,10
431.0,0.965,10.5
431.0,0.996,9.2
431.0,0.979,17.25
431.0,0.988,9.15
431.0,0.941,17.15
431.0,0.996,18
431.0,0.894,17.55
431.0,0.978,10.55
431.0,0.995,11.4
431.0,0.959,17.5
431.0,0.986,18.05
431.0,0.948,18.45
431.0,0.995,11
431.0,0.96,17.2
431.0,0.968,10.4
431.0,0.801,9.25
431.0,0.986,9.4
431.0,0.993,9.45
431.0,0.931,17.35
431.0,0.801,9.35
431.0,0.761,10.45
431.0,0.807,13.35
431.0,0.582,18.3
431.0,0.769,18.25
431.0,0.9,16.55
431.0,0.851,12.2
431.0,0.26,13.2
431.0,1.0,12.15
433.0,0.867,10.35
433.0,0.931,10.3
433.0,0.986,10.4
433.0,0.962,16.25
433.0,0.862,10.05
433.0,0.766,9.55
433.0,0.994,10.45
433.0,0.94,10
433.0,0.954,10.1
433.0,0.928,9
433.0,0.954,10.25
433.0,0.979,17.35
433.0,0.917,16.2
433.0,1.0,8.55
433.0,0.932,10.5
433.0,0.991,17.1
433.0,0.926,17.2
433.0,0.964,12.4
433.0,0.99,8.5
433.0,0.853,10.15
433.0,0.989,11.4
433.0,0.913,12
433.0,0.916,11.3
433.0,0.974,11.1
433.0,0.96,13.35
433.0,0.986,17.5
433.0,0.985,13.4
433.0,0.928,10.2
433.0,0.984,11
433.0,0.984,12.45
433.0,0.968,11.5
433.0,0.901,9.45
433.0,0.927,11.15
433.0,1.0,13.25
433.0,0.921,16.15
433.0,0.978,11.05
433.0,0.847,14.2
433.0,0.871,12.05
433.0,0.941,9.5
433.0,1.0,9.25
433.0,0.968,12.15
433.0,0.967,13.2
433.0,0.833,16.3
433.0,0.919,12.1
433.0,0.826,13.3
433.0,1.0,13.15
433.0,0.947,17.55
433.0,0.888,12.2
433.0,1.0,14.15
433.0,0.874,17.05
433.0,1.0,9.2
433.0,0.928,12.25
433.0,0.846,17.45
433.0,0.727,16.35
433.0,0.749,13
435.0,0.769,13.2
435.0,0.836,10.4
435.0,0.981,11.35
435.0,0.995,16.15
435.0,0.627,10.35
435.0,0.985,12
435.0,0.984,15.5
435.0,0.931,12.35
435.0,0.959,11.5
435.0,0.991,10.05
435.0,0.715,10.5
435.0,0.987,10.1
435.0,0.67,12.1
435.0,0.909,9.5
435.0,0.9,9.45
435.0,0.533,16.1
435.0,0.708,10
435.0,0.764,11.45
435.0,0.769,11.2
435.0,0.7,16
435.0,1.0,11
435.0,0.571,11.05
436.0,0.804,8.45
436.0,0.96,12.05
436.0,0.883,9.05
436.0,0.86,8.4
436.0,0.976,15.55
436.0,0.987,16.1
436.0,0.962,9
436.0,0.922,16.05
436.0,0.978,8.5
436.0,0.946,12.2
436.0,0.977,11.35
436.0,0.93,12.45
436.0,0.925,16
436.0,0.945,11.1
436.0,1.0,8.55
436.0,0.871,11.15
436.0,1.0,11.25
436.0,1.0,12.55
436.0,0.983,13
436.0,0.916,12
436.0,0.745,12.5
436.0,1.0,10.45
436.0,0.926,11.5
436.0,0.921,15.45
436.0,1.0,12.35
436.0,0.885,13.05
436.0,0.967,10.55
436.0,0.943,11.45
436.0,0.989,8.05
436.0,0.857,12.1
436.0,0.916,9.15
436.0,0.954,12.25
436.0,0.857,11.4
436.0,1.0,11.2
436.0,0.888,12.15
436.0,1.0,10.5
436.0,0.749,11.05
436.0,0.5,12.3
436.0,0.833,12.4
439.0,0.702,11.2
439.0,0.919,9.25
439.0,0.805,7.55
439.0,0.98,9.45
439.0,0.871,11.25
439.0,0.918,16.3
439.0,0.919,8.55
439.0,0.967,8.2
439.0,0.867,9.4
439.0,0.989,16.25
439.0,0.988,18.55
439.0,0.977,19.05
439.0,0.994,10.05
439.0,0.965,9.15
439.0,0.916,8
439.0,0.987,16.35
439.0,0.986,18.4
439.0,0.993,17
439.0,0.993,9.05
439.0,0.979,16.55
439.0,0.972,19.15
439.0,0.985,10.2
439.0,0.953,7.5
439.0,0.943,15
439.0,0.968,15.2
439.0,0.958,9.3
439.0,0.965,16.4
439.0,0.875,8.35
439.0,0.918,9.1
439.0,0.977,9.5
439.0,0.965,10.4
439.0,0.952,8.3
439.0,0.999,8.5
439.0,0.864,17.05
439.0,1.0,8.45
439.0,0.985,15.15
439.0,1.0,16
439.0,0.971,16.2
439.0,1.0,8.1
439.0,0.94,18.1
439.0,0.984,10.15
439.0,0.903,10.1
439.0,0.982,9.35
439.0,0.872,18.45
439.0,1.0,8.25
439.0,0.875,10.45
439.0,0.976,11.45
439.0,0.975,17.2
439.0,0.975,9
439.0,0.974,9.2
439.0,0.947,9.55
439.0,0.972,12.05
439.0,1.0,10
439.0,0.942,15.1
439.0,0.969,18.3
439.0,0.968,11.55
439.0,0.903,15.5
439.0,0.892,12
439.0,0.919,18.25
439.0,1.0,8.05
439.0,0.913,11.3
439.0,0.809,11.4
439.0,1.0,16.05
439.0,0.941,17.4
439.0,1.0,15.3
439.0,0.937,16.1
439.0,0.933,10.25
439.0,1.0,8.15
439.0,0.928,17.5
439.0,0.694,15.35
439.0,0.775,15.55
439.0,0.857,15.45
439.0,0.833,11.35
439.0,0.4,16.15
439.0,1.0,15.4
439.0,0.5,16.5
440.0,0.733,13
440.0,0.669,12
440.0,0.959,12.05
440.0,0.915,12.1
440.0,0.943,11.45
440.0,0.885,12.45
440.0,1.0,11.25
440.0,0.709,13.15
440.0,0.991,11.3
440.0,0.956,12.5
440.0,0.954,12.2
440.0,0.99,12.25
440.0,0.941,13.45
440.0,0.896,14.5
440.0,0.988,13.2
440.0,0.953,14.55
440.0,0.987,11.5
440.0,0.938,11.1
440.0,0.96,12.15
440.0,0.958,14.35
440.0,1.0,10.5
440.0,0.942,12.3
440.0,0.954,12.55
440.0,1.0,13.5
440.0,0.984,14.3
440.0,0.967,11.2
440.0,1.0,10.45
440.0,0.9,14.2
440.0,0.87,11.05
440.0,0.957,14.25
440.0,0.933,15
440.0,0.976,14.45
440.0,0.951,11.15
440.0,0.82,13.25
440.0,0.687,14
440.0,1.0,13.55
440.0,0.818,14.4
440.0,0.777,14.1
440.0,0.928,13.4
440.0,1.0,11
440.0,0.769,13.3
440.0,1.0,10.55
440.0,0.9,15.05
440.0,1.0,11.55
