SUBJECT,AWC,hour
187.0,6794.0,16
187.0,4331.0,13
187.0,3684.0,15
187.0,3514.0,17
187.0,2561.0,12
187.0,2401.0,18
187.0,1694.0,14
187.0,1367.0,19
187.0,435.0,20
187.0,-1,0
187.0,-1,1
187.0,-1,2
187.0,-1,3
187.0,-1,4
187.0,-1,5
187.0,-1,6
187.0,-1,7
187.0,-1,8
187.0,-1,9
187.0,-1,10
187.0,-1,11
187.0,-1,21
187.0,-1,22
187.0,-1,23
188.0,2353.0,21
188.0,1921.0,11
188.0,1601.0,22
188.0,1221.0,12
188.0,1201.0,13
188.0,1196.0,20
188.0,1085.0,10
188.0,776.0,19
188.0,388.0,9
188.0,279.0,18
188.0,-1,0
188.0,-1,1
188.0,-1,2
188.0,-1,3
188.0,-1,4
188.0,-1,5
188.0,-1,6
188.0,-1,7
188.0,-1,8
188.0,-1,14
188.0,-1,15
188.0,-1,16
188.0,-1,17
188.0,-1,23
189.0,2294.0,16
189.0,1964.0,20
189.0,1652.0,10
189.0,1297.0,13
189.0,1144.0,9
189.0,890.0,19
189.0,812.0,12
189.0,781.0,21
189.0,716.0,14
189.0,614.0,11
189.0,245.0,15
189.0,219.0,17
189.0,114.0,8
189.0,97.0,22
189.0,0.0,23
189.0,-1,0
189.0,-1,1
189.0,-1,2
189.0,-1,3
189.0,-1,4
189.0,-1,5
189.0,-1,6
189.0,-1,7
189.0,-1,18
190.0,2371.0,19
190.0,2357.0,13
190.0,2298.0,11
190.0,1796.0,12
190.0,1577.0,14
190.0,1357.0,18
190.0,1238.0,20
190.0,988.0,15
190.0,103.0,10
190.0,0.0,16
190.0,-1,0
190.0,-1,1
190.0,-1,2
190.0,-1,3
190.0,-1,4
190.0,-1,5
190.0,-1,6
190.0,-1,7
190.0,-1,8
190.0,-1,9
190.0,-1,17
190.0,-1,21
190.0,-1,22
190.0,-1,23
192.0,3464.0,12
192.0,2533.0,22
192.0,1880.0,18
192.0,1843.0,13
192.0,1786.0,15
192.0,1670.0,21
192.0,1422.0,17
192.0,1103.0,20
192.0,1021.0,14
192.0,890.0,11
192.0,879.0,16
192.0,869.0,19
192.0,-1,0
192.0,-1,1
192.0,-1,2
192.0,-1,3
192.0,-1,4
192.0,-1,5
192.0,-1,6
192.0,-1,7
192.0,-1,8
192.0,-1,9
192.0,-1,10
192.0,-1,23
193.0,1047.0,10
193.0,928.0,9
193.0,736.0,15
193.0,559.0,8
193.0,419.0,13
193.0,362.0,11
193.0,349.0,14
193.0,157.0,17
193.0,104.0,7
193.0,92.0,12
193.0,77.0,16
193.0,56.0,18
193.0,-1,0
193.0,-1,1
193.0,-1,2
193.0,-1,3
193.0,-1,4
193.0,-1,5
193.0,-1,6
193.0,-1,19
193.0,-1,20
193.0,-1,21
193.0,-1,22
193.0,-1,23
196.0,3588.0,17
196.0,3475.0,16
196.0,2860.0,9
196.0,2467.0,10
196.0,2300.0,11
196.0,2038.0,15
196.0,1396.0,12
196.0,1125.0,13
196.0,939.0,14
196.0,122.0,8
196.0,-1,0
196.0,-1,1
196.0,-1,2
196.0,-1,3
196.0,-1,4
196.0,-1,5
196.0,-1,6
196.0,-1,7
196.0,-1,18
196.0,-1,19
196.0,-1,20
196.0,-1,21
196.0,-1,22
196.0,-1,23
197.0,1134.0,20
197.0,1040.0,19
197.0,867.0,9
197.0,839.0,13
197.0,830.0,15
197.0,772.0,18
197.0,662.0,14
197.0,644.0,11
197.0,628.0,12
197.0,559.0,10
197.0,405.0,8
197.0,296.0,16
197.0,39.0,17
197.0,-1,0
197.0,-1,1
197.0,-1,2
197.0,-1,3
197.0,-1,4
197.0,-1,5
197.0,-1,6
197.0,-1,7
197.0,-1,21
197.0,-1,22
197.0,-1,23
202.0,1445.0,14
202.0,1268.0,16
202.0,1150.0,15
202.0,836.0,18
202.0,829.0,10
202.0,409.0,17
202.0,372.0,9
202.0,346.0,7
202.0,291.0,12
202.0,159.0,8
202.0,84.0,13
202.0,13.0,19
202.0,-1,0
202.0,-1,1
202.0,-1,2
202.0,-1,3
202.0,-1,4
202.0,-1,5
202.0,-1,6
202.0,-1,11
202.0,-1,20
202.0,-1,21
202.0,-1,22
202.0,-1,23
203.0,1854.0,13
203.0,1749.0,14
203.0,1547.0,17
203.0,1541.0,10
203.0,1274.0,11
203.0,1025.0,15
203.0,1005.0,16
203.0,150.0,12
203.0,-1,0
203.0,-1,1
203.0,-1,2
203.0,-1,3
203.0,-1,4
203.0,-1,5
203.0,-1,6
203.0,-1,7
203.0,-1,8
203.0,-1,9
203.0,-1,18
203.0,-1,19
203.0,-1,20
203.0,-1,21
203.0,-1,22
203.0,-1,23
215.0,1338.0,19
215.0,415.0,11
215.0,363.0,18
215.0,352.0,10
215.0,111.0,13
215.0,81.0,15
215.0,72.0,14
215.0,43.0,9
215.0,-1,0
215.0,-1,1
215.0,-1,2
215.0,-1,3
215.0,-1,4
215.0,-1,5
215.0,-1,6
215.0,-1,7
215.0,-1,8
215.0,-1,12
215.0,-1,16
215.0,-1,17
215.0,-1,20
215.0,-1,21
215.0,-1,22
215.0,-1,23
230.0,1174.0,18
230.0,1157.0,9
230.0,1027.0,13
230.0,839.0,17
230.0,719.0,15
230.0,685.0,14
230.0,393.0,10
230.0,366.0,12
230.0,282.0,11
230.0,176.0,8
230.0,132.0,19
230.0,123.0,16
230.0,-1,0
230.0,-1,1
230.0,-1,2
230.0,-1,3
230.0,-1,4
230.0,-1,5
230.0,-1,6
230.0,-1,7
230.0,-1,20
230.0,-1,21
230.0,-1,22
230.0,-1,23
231.0,3470.0,19
231.0,3377.0,9
231.0,2252.0,15
231.0,1956.0,10
231.0,1431.0,14
231.0,1398.0,17
231.0,1082.0,12
231.0,811.0,20
231.0,769.0,18
231.0,635.0,11
231.0,476.0,13
231.0,448.0,16
231.0,338.0,8
231.0,-1,0
231.0,-1,1
231.0,-1,2
231.0,-1,3
231.0,-1,4
231.0,-1,5
231.0,-1,6
231.0,-1,7
231.0,-1,21
231.0,-1,22
231.0,-1,23
232.0,1872.0,11
232.0,1373.0,10
232.0,1313.0,18
232.0,1084.0,20
232.0,986.0,8
232.0,612.0,19
232.0,569.0,17
232.0,512.0,16
232.0,508.0,12
232.0,342.0,15
232.0,307.0,13
232.0,228.0,21
232.0,77.0,7
232.0,-1,0
232.0,-1,1
232.0,-1,2
232.0,-1,3
232.0,-1,4
232.0,-1,5
232.0,-1,6
232.0,-1,9
232.0,-1,14
232.0,-1,22
232.0,-1,23
241.0,1848.0,18
241.0,685.0,13
241.0,499.0,12
241.0,483.0,14
241.0,326.0,17
241.0,97.0,15
241.0,-1,0
241.0,-1,1
241.0,-1,2
241.0,-1,3
241.0,-1,4
241.0,-1,5
241.0,-1,6
241.0,-1,7
241.0,-1,8
241.0,-1,9
241.0,-1,10
241.0,-1,11
241.0,-1,16
241.0,-1,19
241.0,-1,20
241.0,-1,21
241.0,-1,22
241.0,-1,23
248.0,1581.0,13
248.0,1193.0,11
248.0,1132.0,14
248.0,1092.0,12
248.0,798.0,10
248.0,176.0,15
248.0,0.0,17
248.0,-1,0
248.0,-1,1
248.0,-1,2
248.0,-1,3
248.0,-1,4
248.0,-1,5
248.0,-1,6
248.0,-1,7
248.0,-1,8
248.0,-1,9
248.0,-1,16
248.0,-1,18
248.0,-1,19
248.0,-1,20
248.0,-1,21
248.0,-1,22
248.0,-1,23
259.0,1694.0,23
259.0,1161.0,22
259.0,560.0,16
259.0,545.0,14
259.0,514.0,15
259.0,405.0,20
259.0,370.0,0
259.0,334.0,13
259.0,216.0,21
259.0,140.0,12
259.0,110.0,17
259.0,-1,1
259.0,-1,2
259.0,-1,3
259.0,-1,4
259.0,-1,5
259.0,-1,6
259.0,-1,7
259.0,-1,8
259.0,-1,9
259.0,-1,10
259.0,-1,11
259.0,-1,18
259.0,-1,19
260.0,668.0,9
260.0,643.0,8
260.0,501.0,15
260.0,414.0,16
260.0,361.0,20
260.0,346.0,7
260.0,339.0,17
260.0,276.0,13
260.0,276.0,19
260.0,83.0,18
260.0,74.0,10
260.0,9.0,12
260.0,-1,0
260.0,-1,1
260.0,-1,2
260.0,-1,3
260.0,-1,4
260.0,-1,5
260.0,-1,6
260.0,-1,11
260.0,-1,14
260.0,-1,21
260.0,-1,22
260.0,-1,23
261.0,1160.0,8
261.0,1071.0,9
261.0,862.0,13
261.0,716.0,14
261.0,480.0,12
261.0,261.0,10
261.0,260.0,15
261.0,184.0,11
261.0,156.0,7
261.0,22.0,17
261.0,-1,0
261.0,-1,1
261.0,-1,2
261.0,-1,3
261.0,-1,4
261.0,-1,5
261.0,-1,6
261.0,-1,16
261.0,-1,18
261.0,-1,19
261.0,-1,20
261.0,-1,21
261.0,-1,22
261.0,-1,23
266.0,1786.0,18
266.0,1725.0,19
266.0,1374.0,9
266.0,1357.0,10
266.0,1318.0,11
266.0,1223.0,20
266.0,1174.0,15
266.0,1075.0,17
266.0,902.0,13
266.0,795.0,7
266.0,748.0,16
266.0,713.0,14
266.0,210.0,8
266.0,141.0,6
266.0,-1,0
266.0,-1,1
266.0,-1,2
266.0,-1,3
266.0,-1,4
266.0,-1,5
266.0,-1,12
266.0,-1,21
266.0,-1,22
266.0,-1,23
271.0,3360.0,13
271.0,2849.0,12
271.0,2472.0,14
271.0,1154.0,9
271.0,169.0,10
271.0,-1,0
271.0,-1,1
271.0,-1,2
271.0,-1,3
271.0,-1,4
271.0,-1,5
271.0,-1,6
271.0,-1,7
271.0,-1,8
271.0,-1,11
271.0,-1,15
271.0,-1,16
271.0,-1,17
271.0,-1,18
271.0,-1,19
271.0,-1,20
271.0,-1,21
271.0,-1,22
271.0,-1,23
272.0,3665.0,23
272.0,2378.0,21
272.0,1626.0,11
272.0,1527.0,22
272.0,1046.0,14
272.0,952.0,13
272.0,653.0,15
272.0,418.0,18
272.0,410.0,12
272.0,375.0,17
272.0,256.0,16
272.0,13.0,20
272.0,6.0,19
272.0,-1,0
272.0,-1,1
272.0,-1,2
272.0,-1,3
272.0,-1,4
272.0,-1,5
272.0,-1,6
272.0,-1,7
272.0,-1,8
272.0,-1,9
272.0,-1,10
276.0,414.0,14
276.0,366.0,16
276.0,285.0,15
276.0,233.0,13
276.0,51.0,12
276.0,-1,0
276.0,-1,1
276.0,-1,2
276.0,-1,3
276.0,-1,4
276.0,-1,5
276.0,-1,6
276.0,-1,7
276.0,-1,8
276.0,-1,9
276.0,-1,10
276.0,-1,11
276.0,-1,17
276.0,-1,18
276.0,-1,19
276.0,-1,20
276.0,-1,21
276.0,-1,22
276.0,-1,23
277.0,1778.0,10
277.0,1361.0,13
277.0,1224.0,11
277.0,1183.0,12
277.0,843.0,14
277.0,480.0,15
277.0,347.0,16
277.0,117.0,17
277.0,-1,0
277.0,-1,1
277.0,-1,2
277.0,-1,3
277.0,-1,4
277.0,-1,5
277.0,-1,6
277.0,-1,7
277.0,-1,8
277.0,-1,9
277.0,-1,18
277.0,-1,19
277.0,-1,20
277.0,-1,21
277.0,-1,22
277.0,-1,23
279.0,3465.0,14
279.0,2960.0,13
279.0,2015.0,12
279.0,1124.0,17
279.0,1061.0,11
279.0,420.0,18
279.0,49.0,15
279.0,-1,0
279.0,-1,1
279.0,-1,2
279.0,-1,3
279.0,-1,4
279.0,-1,5
279.0,-1,6
279.0,-1,7
279.0,-1,8
279.0,-1,9
279.0,-1,10
279.0,-1,16
279.0,-1,19
279.0,-1,20
279.0,-1,21
279.0,-1,22
279.0,-1,23
282.0,1118.0,16
282.0,829.0,19
282.0,805.0,20
282.0,731.0,10
282.0,527.0,13
282.0,511.0,9
282.0,504.0,14
282.0,425.0,17
282.0,205.0,15
282.0,37.0,11
282.0,20.0,18
282.0,3.0,12
282.0,-1,0
282.0,-1,1
282.0,-1,2
282.0,-1,3
282.0,-1,4
282.0,-1,5
282.0,-1,6
282.0,-1,7
282.0,-1,8
282.0,-1,21
282.0,-1,22
282.0,-1,23
283.0,2584.0,14
283.0,2477.0,15
283.0,1980.0,16
283.0,1798.0,13
283.0,1316.0,9
283.0,1253.0,10
283.0,860.0,17
283.0,744.0,11
283.0,620.0,18
283.0,175.0,12
283.0,59.0,19
283.0,-1,0
283.0,-1,1
283.0,-1,2
283.0,-1,3
283.0,-1,4
283.0,-1,5
283.0,-1,6
283.0,-1,7
283.0,-1,8
283.0,-1,20
283.0,-1,21
283.0,-1,22
283.0,-1,23
300.0,1980.0,8
300.0,1793.0,17
300.0,1763.0,14
300.0,1511.0,16
300.0,1404.0,18
300.0,1142.0,13
300.0,861.0,15
300.0,703.0,12
300.0,607.0,9
300.0,394.0,19
300.0,389.0,11
300.0,376.0,10
300.0,356.0,7
300.0,-1,0
300.0,-1,1
300.0,-1,2
300.0,-1,3
300.0,-1,4
300.0,-1,5
300.0,-1,6
300.0,-1,20
300.0,-1,21
300.0,-1,22
300.0,-1,23
302.0,3329.0,16
302.0,2138.0,17
302.0,934.0,11
302.0,606.0,15
302.0,569.0,10
302.0,252.0,12
302.0,44.0,18
302.0,0.0,13
302.0,-1,0
302.0,-1,1
302.0,-1,2
302.0,-1,3
302.0,-1,4
302.0,-1,5
302.0,-1,6
302.0,-1,7
302.0,-1,8
302.0,-1,9
302.0,-1,14
302.0,-1,19
302.0,-1,20
302.0,-1,21
302.0,-1,22
302.0,-1,23
304.0,2831.0,10
304.0,2490.0,9
304.0,2312.0,11
304.0,1443.0,14
304.0,1027.0,15
304.0,952.0,13
304.0,825.0,12
304.0,501.0,8
304.0,345.0,16
304.0,23.0,17
304.0,-1,0
304.0,-1,1
304.0,-1,2
304.0,-1,3
304.0,-1,4
304.0,-1,5
304.0,-1,6
304.0,-1,7
304.0,-1,18
304.0,-1,19
304.0,-1,20
304.0,-1,21
304.0,-1,22
304.0,-1,23
307.0,2525.0,20
307.0,1526.0,19
307.0,1120.0,17
307.0,391.0,18
307.0,271.0,16
307.0,-1,0
307.0,-1,1
307.0,-1,2
307.0,-1,3
307.0,-1,4
307.0,-1,5
307.0,-1,6
307.0,-1,7
307.0,-1,8
307.0,-1,9
307.0,-1,10
307.0,-1,11
307.0,-1,12
307.0,-1,13
307.0,-1,14
307.0,-1,15
307.0,-1,21
307.0,-1,22
307.0,-1,23
308.0,3206.0,14
308.0,2585.0,12
308.0,1217.0,11
308.0,1113.0,16
308.0,1033.0,18
308.0,1032.0,13
308.0,827.0,15
308.0,271.0,17
308.0,202.0,19
308.0,187.0,10
308.0,-1,0
308.0,-1,1
308.0,-1,2
308.0,-1,3
308.0,-1,4
308.0,-1,5
308.0,-1,6
308.0,-1,7
308.0,-1,8
308.0,-1,9
308.0,-1,20
308.0,-1,21
308.0,-1,22
308.0,-1,23
309.0,1114.0,11
309.0,538.0,15
309.0,407.0,14
309.0,385.0,16
309.0,378.0,13
309.0,365.0,9
309.0,287.0,10
309.0,240.0,12
309.0,-1,0
309.0,-1,1
309.0,-1,2
309.0,-1,3
309.0,-1,4
309.0,-1,5
309.0,-1,6
309.0,-1,7
309.0,-1,8
309.0,-1,17
309.0,-1,18
309.0,-1,19
309.0,-1,20
309.0,-1,21
309.0,-1,22
309.0,-1,23
310.0,4311.0,10
310.0,3588.0,11
310.0,2100.0,12
310.0,1295.0,18
310.0,1244.0,9
310.0,1114.0,19
310.0,1082.0,16
310.0,1028.0,20
310.0,755.0,17
310.0,708.0,15
310.0,405.0,21
310.0,110.0,13
310.0,-1,0
310.0,-1,1
310.0,-1,2
310.0,-1,3
310.0,-1,4
310.0,-1,5
310.0,-1,6
310.0,-1,7
310.0,-1,8
310.0,-1,14
310.0,-1,22
310.0,-1,23
311.0,2835.0,12
311.0,1995.0,18
311.0,1966.0,17
311.0,1863.0,21
311.0,1827.0,13
311.0,1504.0,15
311.0,1359.0,22
311.0,1333.0,20
311.0,1169.0,14
311.0,883.0,19
311.0,533.0,11
311.0,-1,0
311.0,-1,1
311.0,-1,2
311.0,-1,3
311.0,-1,4
311.0,-1,5
311.0,-1,6
311.0,-1,7
311.0,-1,8
311.0,-1,9
311.0,-1,10
311.0,-1,16
311.0,-1,23
312.0,1155.0,22
312.0,1095.0,11
312.0,659.0,13
312.0,479.0,17
312.0,461.0,21
312.0,315.0,15
312.0,180.0,14
312.0,156.0,10
312.0,-1,0
312.0,-1,1
312.0,-1,2
312.0,-1,3
312.0,-1,4
312.0,-1,5
312.0,-1,6
312.0,-1,7
312.0,-1,8
312.0,-1,9
312.0,-1,12
312.0,-1,16
312.0,-1,18
312.0,-1,19
312.0,-1,20
312.0,-1,23
313.0,4695.0,16
313.0,4659.0,17
313.0,4462.0,13
313.0,3356.0,14
313.0,2565.0,15
313.0,1606.0,12
313.0,1243.0,10
313.0,716.0,11
313.0,35.0,9
313.0,-1,0
313.0,-1,1
313.0,-1,2
313.0,-1,3
313.0,-1,4
313.0,-1,5
313.0,-1,6
313.0,-1,7
313.0,-1,8
313.0,-1,18
313.0,-1,19
313.0,-1,20
313.0,-1,21
313.0,-1,22
313.0,-1,23
320.0,771.0,12
320.0,633.0,17
320.0,621.0,13
320.0,471.0,18
320.0,257.0,11
320.0,70.0,16
320.0,70.0,19
320.0,44.0,15
320.0,2.0,14
320.0,-1,0
320.0,-1,1
320.0,-1,2
320.0,-1,3
320.0,-1,4
320.0,-1,5
320.0,-1,6
320.0,-1,7
320.0,-1,8
320.0,-1,9
320.0,-1,10
320.0,-1,20
320.0,-1,21
320.0,-1,22
320.0,-1,23
330.0,1419.0,11
330.0,935.0,12
330.0,778.0,17
330.0,729.0,10
330.0,547.0,18
330.0,344.0,16
330.0,127.0,13
330.0,-1,0
330.0,-1,1
330.0,-1,2
330.0,-1,3
330.0,-1,4
330.0,-1,5
330.0,-1,6
330.0,-1,7
330.0,-1,8
330.0,-1,9
330.0,-1,14
330.0,-1,15
330.0,-1,19
330.0,-1,20
330.0,-1,21
330.0,-1,22
330.0,-1,23
332.0,1267.0,15
332.0,658.0,16
332.0,605.0,11
332.0,586.0,9
332.0,484.0,10
332.0,394.0,13
332.0,327.0,14
332.0,-1,0
332.0,-1,1
332.0,-1,2
332.0,-1,3
332.0,-1,4
332.0,-1,5
332.0,-1,6
332.0,-1,7
332.0,-1,8
332.0,-1,12
332.0,-1,17
332.0,-1,18
332.0,-1,19
332.0,-1,20
332.0,-1,21
332.0,-1,22
332.0,-1,23
334.0,4379.0,20
334.0,2138.0,21
334.0,1523.0,15
334.0,1430.0,18
334.0,1237.0,19
334.0,951.0,23
334.0,771.0,16
334.0,765.0,22
334.0,656.0,17
334.0,545.0,0
334.0,232.0,14
334.0,-1,1
334.0,-1,2
334.0,-1,3
334.0,-1,4
334.0,-1,5
334.0,-1,6
334.0,-1,7
334.0,-1,8
334.0,-1,9
334.0,-1,10
334.0,-1,11
334.0,-1,12
334.0,-1,13
335.0,4049.0,11
335.0,3095.0,15
335.0,2297.0,12
335.0,1638.0,10
335.0,1430.0,19
335.0,1388.0,18
335.0,1348.0,17
335.0,1282.0,16
335.0,1096.0,20
335.0,842.0,13
335.0,808.0,9
335.0,461.0,14
335.0,-1,0
335.0,-1,1
335.0,-1,2
335.0,-1,3
335.0,-1,4
335.0,-1,5
335.0,-1,6
335.0,-1,7
335.0,-1,8
335.0,-1,21
335.0,-1,22
335.0,-1,23
336.0,1619.0,14
336.0,1143.0,15
336.0,904.0,18
336.0,636.0,17
336.0,393.0,16
336.0,239.0,21
336.0,202.0,11
336.0,96.0,13
336.0,88.0,20
336.0,-1,0
336.0,-1,1
336.0,-1,2
336.0,-1,3
336.0,-1,4
336.0,-1,5
336.0,-1,6
336.0,-1,7
336.0,-1,8
336.0,-1,9
336.0,-1,10
336.0,-1,12
336.0,-1,19
336.0,-1,22
336.0,-1,23
338.0,2838.0,11
338.0,1964.0,13
338.0,1931.0,16
338.0,1546.0,10
338.0,1479.0,15
338.0,1369.0,17
338.0,1207.0,19
338.0,1115.0,14
338.0,1114.0,12
338.0,604.0,20
338.0,337.0,18
338.0,267.0,9
338.0,-1,0
338.0,-1,1
338.0,-1,2
338.0,-1,3
338.0,-1,4
338.0,-1,5
338.0,-1,6
338.0,-1,7
338.0,-1,8
338.0,-1,21
338.0,-1,22
338.0,-1,23
344.0,369.0,15
344.0,318.0,13
344.0,300.0,19
344.0,261.0,7
344.0,247.0,14
344.0,215.0,8
344.0,-1,0
344.0,-1,1
344.0,-1,2
344.0,-1,3
344.0,-1,4
344.0,-1,5
344.0,-1,6
344.0,-1,9
344.0,-1,10
344.0,-1,11
344.0,-1,12
344.0,-1,16
344.0,-1,17
344.0,-1,18
344.0,-1,20
344.0,-1,21
344.0,-1,22
344.0,-1,23
345.0,142.0,23
345.0,139.0,22
345.0,-1,0
345.0,-1,1
345.0,-1,2
345.0,-1,3
345.0,-1,4
345.0,-1,5
345.0,-1,6
345.0,-1,7
345.0,-1,8
345.0,-1,9
345.0,-1,10
345.0,-1,11
345.0,-1,12
345.0,-1,13
345.0,-1,14
345.0,-1,15
345.0,-1,16
345.0,-1,17
345.0,-1,18
345.0,-1,19
345.0,-1,20
345.0,-1,21
421.0,2443.0,18
421.0,2136.0,11
421.0,2069.0,10
421.0,1041.0,12
421.0,641.0,17
421.0,408.0,16
421.0,189.0,13
421.0,189.0,14
421.0,179.0,9
421.0,4.0,15
421.0,-1,0
421.0,-1,1
421.0,-1,2
421.0,-1,3
421.0,-1,4
421.0,-1,5
421.0,-1,6
421.0,-1,7
421.0,-1,8
421.0,-1,19
421.0,-1,20
421.0,-1,21
421.0,-1,22
421.0,-1,23
424.0,1584.0,14
424.0,1426.0,12
424.0,794.0,22
424.0,666.0,15
424.0,613.0,18
424.0,523.0,19
424.0,424.0,11
424.0,301.0,13
424.0,184.0,23
424.0,38.0,21
424.0,-1,0
424.0,-1,1
424.0,-1,2
424.0,-1,3
424.0,-1,4
424.0,-1,5
424.0,-1,6
424.0,-1,7
424.0,-1,8
424.0,-1,9
424.0,-1,10
424.0,-1,16
424.0,-1,17
424.0,-1,20
425.0,3189.0,12
425.0,2962.0,11
425.0,2147.0,15
425.0,2090.0,10
425.0,914.0,13
425.0,736.0,14
425.0,-1,0
425.0,-1,1
425.0,-1,2
425.0,-1,3
425.0,-1,4
425.0,-1,5
425.0,-1,6
425.0,-1,7
425.0,-1,8
425.0,-1,9
425.0,-1,16
425.0,-1,17
425.0,-1,18
425.0,-1,19
425.0,-1,20
425.0,-1,21
425.0,-1,22
425.0,-1,23
426.0,1893.0,19
426.0,1023.0,16
426.0,948.0,13
426.0,868.0,18
426.0,697.0,8
426.0,546.0,9
426.0,375.0,14
426.0,338.0,20
426.0,-1,0
426.0,-1,1
426.0,-1,2
426.0,-1,3
426.0,-1,4
426.0,-1,5
426.0,-1,6
426.0,-1,7
426.0,-1,10
426.0,-1,11
426.0,-1,12
426.0,-1,15
426.0,-1,17
426.0,-1,21
426.0,-1,22
426.0,-1,23
427.0,4696.0,8
427.0,2808.0,13
427.0,2677.0,14
427.0,2077.0,9
427.0,1700.0,11
427.0,1527.0,10
427.0,1443.0,12
427.0,419.0,7
427.0,-1,0
427.0,-1,1
427.0,-1,2
427.0,-1,3
427.0,-1,4
427.0,-1,5
427.0,-1,6
427.0,-1,15
427.0,-1,16
427.0,-1,17
427.0,-1,18
427.0,-1,19
427.0,-1,20
427.0,-1,21
427.0,-1,22
427.0,-1,23
431.0,4388.0,17
431.0,4105.0,10
431.0,1919.0,9
431.0,1772.0,11
431.0,1714.0,18
431.0,1492.0,19
431.0,1326.0,13
431.0,1206.0,12
431.0,30.0,16
431.0,7.0,15
431.0,-1,0
431.0,-1,1
431.0,-1,2
431.0,-1,3
431.0,-1,4
431.0,-1,5
431.0,-1,6
431.0,-1,7
431.0,-1,8
431.0,-1,14
431.0,-1,20
431.0,-1,21
431.0,-1,22
431.0,-1,23
433.0,2345.0,10
433.0,1111.0,9
433.0,880.0,11
433.0,684.0,17
433.0,598.0,12
433.0,534.0,16
433.0,327.0,13
433.0,264.0,14
433.0,243.0,8
433.0,-1,0
433.0,-1,1
433.0,-1,2
433.0,-1,3
433.0,-1,4
433.0,-1,5
433.0,-1,6
433.0,-1,7
433.0,-1,15
433.0,-1,18
433.0,-1,19
433.0,-1,20
433.0,-1,21
433.0,-1,22
433.0,-1,23
435.0,1593.0,10
435.0,1554.0,13
435.0,1388.0,15
435.0,1377.0,12
435.0,497.0,11
435.0,360.0,16
435.0,170.0,9
435.0,46.0,17
435.0,32.0,14
435.0,-1,0
435.0,-1,1
435.0,-1,2
435.0,-1,3
435.0,-1,4
435.0,-1,5
435.0,-1,6
435.0,-1,7
435.0,-1,8
435.0,-1,18
435.0,-1,19
435.0,-1,20
435.0,-1,21
435.0,-1,22
435.0,-1,23
436.0,628.0,12
436.0,493.0,8
436.0,432.0,11
436.0,286.0,15
436.0,277.0,9
436.0,269.0,16
436.0,96.0,13
436.0,88.0,10
436.0,-1,0
436.0,-1,1
436.0,-1,2
436.0,-1,3
436.0,-1,4
436.0,-1,5
436.0,-1,6
436.0,-1,7
436.0,-1,14
436.0,-1,17
436.0,-1,18
436.0,-1,19
436.0,-1,20
436.0,-1,21
436.0,-1,22
436.0,-1,23
439.0,2987.0,16
439.0,2134.0,15
439.0,1726.0,9
439.0,1552.0,11
439.0,1487.0,17
439.0,1308.0,18
439.0,1210.0,8
439.0,869.0,19
439.0,627.0,10
439.0,507.0,7
439.0,64.0,12
439.0,-1,0
439.0,-1,1
439.0,-1,2
439.0,-1,3
439.0,-1,4
439.0,-1,5
439.0,-1,6
439.0,-1,13
439.0,-1,14
439.0,-1,20
439.0,-1,21
439.0,-1,22
439.0,-1,23
440.0,2110.0,13
440.0,2098.0,12
440.0,1258.0,11
440.0,551.0,14
440.0,140.0,10
440.0,55.0,15
440.0,-1,0
440.0,-1,1
440.0,-1,2
440.0,-1,3
440.0,-1,4
440.0,-1,5
440.0,-1,6
440.0,-1,7
440.0,-1,8
440.0,-1,9
440.0,-1,16
440.0,-1,17
440.0,-1,18
440.0,-1,19
440.0,-1,20
440.0,-1,21
440.0,-1,22
440.0,-1,23
444.0,1133.0,17
444.0,625.0,16
444.0,361.0,18
444.0,120.0,20
444.0,24.0,19
444.0,-1,0
444.0,-1,1
444.0,-1,2
444.0,-1,3
444.0,-1,4
444.0,-1,5
444.0,-1,6
444.0,-1,7
444.0,-1,8
444.0,-1,9
444.0,-1,10
444.0,-1,11
444.0,-1,12
444.0,-1,13
444.0,-1,14
444.0,-1,15
444.0,-1,21
444.0,-1,22
444.0,-1,23
445.0,2399.0,18
445.0,1543.0,16
445.0,1366.0,13
445.0,1343.0,19
445.0,1198.0,12
445.0,1096.0,17
445.0,787.0,14
445.0,431.0,15
445.0,366.0,20
445.0,-1,0
445.0,-1,1
445.0,-1,2
445.0,-1,3
445.0,-1,4
445.0,-1,5
445.0,-1,6
445.0,-1,7
445.0,-1,8
445.0,-1,9
445.0,-1,10
445.0,-1,11
445.0,-1,21
445.0,-1,22
445.0,-1,23
451.0,2256.0,10
451.0,1372.0,11
451.0,1336.0,12
451.0,428.0,9
451.0,418.0,14
451.0,401.0,13
451.0,317.0,8
451.0,285.0,15
451.0,121.0,17
451.0,105.0,20
451.0,103.0,19
451.0,53.0,21
451.0,23.0,18
451.0,0.0,0
451.0,0.0,1
451.0,0.0,16
451.0,0.0,22
451.0,0.0,23
451.0,-1,2
451.0,-1,3
451.0,-1,4
451.0,-1,5
451.0,-1,6
451.0,-1,7
460.0,3145.0,7
460.0,2784.0,14
460.0,2402.0,9
460.0,1923.0,18
460.0,1671.0,16
460.0,1639.0,10
460.0,1559.0,8
460.0,913.0,15
460.0,783.0,17
460.0,553.0,19
460.0,327.0,11
460.0,149.0,6
460.0,24.0,12
460.0,0.0,13
460.0,-1,0
460.0,-1,1
460.0,-1,2
460.0,-1,3
460.0,-1,4
460.0,-1,5
460.0,-1,20
460.0,-1,21
460.0,-1,22
460.0,-1,23
461.0,4166.0,12
461.0,4089.0,17
461.0,3875.0,18
461.0,3500.0,13
461.0,2680.0,16
461.0,2620.0,11
461.0,2409.0,15
461.0,2259.0,14
461.0,2244.0,19
461.0,-1,0
461.0,-1,1
461.0,-1,2
461.0,-1,3
461.0,-1,4
461.0,-1,5
461.0,-1,6
461.0,-1,7
461.0,-1,8
461.0,-1,9
461.0,-1,10
461.0,-1,20
461.0,-1,21
461.0,-1,22
461.0,-1,23
464.0,1763.0,12
464.0,641.0,13
464.0,562.0,15
464.0,468.0,14
464.0,239.0,18
464.0,92.0,17
464.0,-1,0
464.0,-1,1
464.0,-1,2
464.0,-1,3
464.0,-1,4
464.0,-1,5
464.0,-1,6
464.0,-1,7
464.0,-1,8
464.0,-1,9
464.0,-1,10
464.0,-1,11
464.0,-1,16
464.0,-1,19
464.0,-1,20
464.0,-1,21
464.0,-1,22
464.0,-1,23
465.0,1424.0,9
465.0,1349.0,8
465.0,1308.0,15
465.0,678.0,13
465.0,642.0,10
465.0,543.0,11
465.0,460.0,16
465.0,455.0,14
465.0,0.0,12
465.0,-1,0
465.0,-1,1
465.0,-1,2
465.0,-1,3
465.0,-1,4
465.0,-1,5
465.0,-1,6
465.0,-1,7
465.0,-1,17
465.0,-1,18
465.0,-1,19
465.0,-1,20
465.0,-1,21
465.0,-1,22
465.0,-1,23
470.0,3149.0,10
470.0,1774.0,19
470.0,1629.0,15
470.0,1530.0,11
470.0,1397.0,9
470.0,1332.0,18
470.0,1294.0,16
470.0,1213.0,14
470.0,1180.0,17
470.0,762.0,8
470.0,505.0,12
470.0,445.0,20
470.0,354.0,13
470.0,113.0,21
470.0,-1,0
470.0,-1,1
470.0,-1,2
470.0,-1,3
470.0,-1,4
470.0,-1,5
470.0,-1,6
470.0,-1,7
470.0,-1,22
470.0,-1,23
471.0,3028.0,15
471.0,2082.0,12
471.0,1996.0,9
471.0,1938.0,19
471.0,1433.0,11
471.0,1354.0,13
471.0,1145.0,8
471.0,919.0,16
471.0,882.0,7
471.0,682.0,18
471.0,594.0,17
471.0,482.0,20
471.0,251.0,14
471.0,65.0,10
471.0,-1,0
471.0,-1,1
471.0,-1,2
471.0,-1,3
471.0,-1,4
471.0,-1,5
471.0,-1,6
471.0,-1,21
471.0,-1,22
471.0,-1,23
474.0,2594.0,13
474.0,1946.0,16
474.0,1522.0,20
474.0,1372.0,19
474.0,730.0,14
474.0,659.0,15
474.0,463.0,18
474.0,173.0,17
474.0,-1,0
474.0,-1,1
474.0,-1,2
474.0,-1,3
474.0,-1,4
474.0,-1,5
474.0,-1,6
474.0,-1,7
474.0,-1,8
474.0,-1,9
474.0,-1,10
474.0,-1,11
474.0,-1,12
474.0,-1,21
474.0,-1,22
474.0,-1,23
475.0,3005.0,19
475.0,2148.0,10
475.0,1937.0,18
475.0,1804.0,7
475.0,1771.0,17
475.0,1645.0,13
475.0,1239.0,16
475.0,1222.0,9
475.0,1212.0,14
475.0,954.0,12
475.0,925.0,15
475.0,789.0,8
475.0,589.0,11
475.0,18.0,20
475.0,0.0,21
475.0,-1,0
475.0,-1,1
475.0,-1,2
475.0,-1,3
475.0,-1,4
475.0,-1,5
475.0,-1,6
475.0,-1,22
475.0,-1,23
476.0,1122.0,13
476.0,638.0,17
476.0,579.0,18
476.0,526.0,8
476.0,362.0,16
476.0,331.0,11
476.0,308.0,10
476.0,202.0,9
476.0,114.0,15
476.0,59.0,19
476.0,57.0,14
476.0,46.0,12
476.0,-1,0
476.0,-1,1
476.0,-1,2
476.0,-1,3
476.0,-1,4
476.0,-1,5
476.0,-1,6
476.0,-1,7
476.0,-1,20
476.0,-1,21
476.0,-1,22
476.0,-1,23
477.0,3820.0,13
477.0,1739.0,20
477.0,1387.0,18
477.0,1144.0,21
477.0,1099.0,19
477.0,938.0,12
477.0,913.0,10
477.0,845.0,9
477.0,466.0,7
477.0,345.0,14
477.0,344.0,6
477.0,321.0,11
477.0,218.0,17
477.0,101.0,8
477.0,26.0,16
477.0,25.0,15
477.0,-1,0
477.0,-1,1
477.0,-1,2
477.0,-1,3
477.0,-1,4
477.0,-1,5
477.0,-1,22
477.0,-1,23
481.0,1937.0,17
481.0,1691.0,15
481.0,1560.0,10
481.0,1391.0,13
481.0,1269.0,9
481.0,1188.0,18
481.0,1124.0,16
481.0,878.0,14
481.0,852.0,12
481.0,534.0,11
481.0,477.0,19
481.0,-1,0
481.0,-1,1
481.0,-1,2
481.0,-1,3
481.0,-1,4
481.0,-1,5
481.0,-1,6
481.0,-1,7
481.0,-1,8
481.0,-1,20
481.0,-1,21
481.0,-1,22
481.0,-1,23
485.0,3308.0,18
485.0,2726.0,10
485.0,2373.0,21
485.0,2038.0,17
485.0,1756.0,16
485.0,1137.0,15
485.0,1116.0,20
485.0,1106.0,8
485.0,995.0,9
485.0,902.0,19
485.0,827.0,11
485.0,342.0,12
485.0,255.0,22
485.0,50.0,14
485.0,11.0,13
485.0,-1,0
485.0,-1,1
485.0,-1,2
485.0,-1,3
485.0,-1,4
485.0,-1,5
485.0,-1,6
485.0,-1,7
485.0,-1,23
488.0,883.0,9
488.0,529.0,10
488.0,419.0,14
488.0,265.0,11
488.0,138.0,16
488.0,95.0,17
488.0,39.0,15
488.0,7.0,12
488.0,-1,0
488.0,-1,1
488.0,-1,2
488.0,-1,3
488.0,-1,4
488.0,-1,5
488.0,-1,6
488.0,-1,7
488.0,-1,8
488.0,-1,13
488.0,-1,18
488.0,-1,19
488.0,-1,20
488.0,-1,21
488.0,-1,22
488.0,-1,23
492.0,1340.0,21
492.0,1318.0,12
492.0,1306.0,19
492.0,1047.0,13
492.0,920.0,14
492.0,735.0,20
492.0,676.0,17
492.0,455.0,18
492.0,428.0,15
492.0,256.0,11
492.0,168.0,10
492.0,12.0,22
492.0,-1,0
492.0,-1,1
492.0,-1,2
492.0,-1,3
492.0,-1,4
492.0,-1,5
492.0,-1,6
492.0,-1,7
492.0,-1,8
492.0,-1,9
492.0,-1,16
492.0,-1,23
500.0,617.0,15
500.0,600.0,10
500.0,537.0,12
500.0,324.0,14
500.0,283.0,16
500.0,263.0,13
500.0,158.0,9
500.0,91.0,11
500.0,0.0,17
500.0,0.0,18
500.0,0.0,19
500.0,-1,0
500.0,-1,1
500.0,-1,2
500.0,-1,3
500.0,-1,4
500.0,-1,5
500.0,-1,6
500.0,-1,7
500.0,-1,8
500.0,-1,20
500.0,-1,21
500.0,-1,22
500.0,-1,23
501.0,4909.0,9
501.0,4699.0,7
501.0,4696.0,11
501.0,4523.0,10
501.0,4245.0,20
501.0,3798.0,8
501.0,3292.0,18
501.0,2816.0,17
501.0,2713.0,14
501.0,2528.0,15
501.0,2284.0,19
501.0,1932.0,12
501.0,1795.0,16
501.0,1594.0,13
501.0,-1,0
501.0,-1,1
501.0,-1,2
501.0,-1,3
501.0,-1,4
501.0,-1,5
501.0,-1,6
501.0,-1,21
501.0,-1,22
501.0,-1,23
503.0,2667.0,16
503.0,2049.0,12
503.0,1960.0,17
503.0,1846.0,18
503.0,1295.0,20
503.0,969.0,13
503.0,948.0,19
503.0,705.0,11
503.0,608.0,21
503.0,519.0,14
503.0,54.0,15
503.0,-1,0
503.0,-1,1
503.0,-1,2
503.0,-1,3
503.0,-1,4
503.0,-1,5
503.0,-1,6
503.0,-1,7
503.0,-1,8
503.0,-1,9
503.0,-1,10
503.0,-1,22
503.0,-1,23
511.0,39.0,22
511.0,-1,0
511.0,-1,1
511.0,-1,2
511.0,-1,3
511.0,-1,4
511.0,-1,5
511.0,-1,6
511.0,-1,7
511.0,-1,8
511.0,-1,9
511.0,-1,10
511.0,-1,11
511.0,-1,12
511.0,-1,13
511.0,-1,14
511.0,-1,15
511.0,-1,16
511.0,-1,17
511.0,-1,18
511.0,-1,19
511.0,-1,20
511.0,-1,21
511.0,-1,23
512.0,1732.0,16
512.0,1590.0,15
512.0,1285.0,17
512.0,1255.0,10
512.0,1254.0,12
512.0,937.0,18
512.0,880.0,11
512.0,811.0,19
512.0,730.0,13
512.0,56.0,14
512.0,-1,0
512.0,-1,1
512.0,-1,2
512.0,-1,3
512.0,-1,4
512.0,-1,5
512.0,-1,6
512.0,-1,7
512.0,-1,8
512.0,-1,9
512.0,-1,20
512.0,-1,21
512.0,-1,22
512.0,-1,23
513.0,1873.0,21
513.0,1699.0,20
513.0,1298.0,15
513.0,1283.0,23
513.0,1111.0,22
513.0,1103.0,13
513.0,684.0,16
513.0,608.0,19
513.0,559.0,14
513.0,141.0,0
513.0,8.0,18
513.0,0.0,17
513.0,-1,1
513.0,-1,2
513.0,-1,3
513.0,-1,4
513.0,-1,5
513.0,-1,6
513.0,-1,7
513.0,-1,8
513.0,-1,9
513.0,-1,10
513.0,-1,11
513.0,-1,12
528.0,2808.0,19
528.0,1143.0,20
528.0,1128.0,8
528.0,1088.0,21
528.0,745.0,9
528.0,670.0,15
528.0,539.0,14
528.0,412.0,22
528.0,376.0,12
528.0,369.0,13
528.0,243.0,10
528.0,203.0,7
528.0,169.0,11
528.0,8.0,17
528.0,1.0,18
528.0,0.0,16
528.0,-1,0
528.0,-1,1
528.0,-1,2
528.0,-1,3
528.0,-1,4
528.0,-1,5
528.0,-1,6
528.0,-1,23
