Subject,AWC,hour
11003.0,3036.0,16
11003.0,2824.0,9
11003.0,2790.0,10
11003.0,2690.0,19
11003.0,2508.0,11
11003.0,2108.0,8
11003.0,1930.0,17
11003.0,1664.0,12
11003.0,1294.0,18
11003.0,1215.0,14
11003.0,961.0,13
11003.0,803.0,15
11003.0,-1,0
11003.0,-1,1
11003.0,-1,2
11003.0,-1,3
11003.0,-1,4
11003.0,-1,5
11003.0,-1,6
11003.0,-1,7
11003.0,-1,20
11003.0,-1,21
11003.0,-1,22
11003.0,-1,23
11009.0,3548.0,18
11009.0,3402.0,11
11009.0,3317.0,8
11009.0,3277.0,10
11009.0,3146.0,12
11009.0,2198.0,9
11009.0,2169.0,19
11009.0,1938.0,17
11009.0,1509.0,7
11009.0,1239.0,16
11009.0,1032.0,13
11009.0,815.0,15
11009.0,641.0,14
11009.0,-1,0
11009.0,-1,1
11009.0,-1,2
11009.0,-1,3
11009.0,-1,4
11009.0,-1,5
11009.0,-1,6
11009.0,-1,20
11009.0,-1,21
11009.0,-1,22
11009.0,-1,23
11011.0,2395.0,17
11011.0,2036.0,19
11011.0,1879.0,9
11011.0,1685.0,16
11011.0,1287.0,14
11011.0,1174.0,18
11011.0,824.0,15
11011.0,588.0,10
11011.0,569.0,8
11011.0,292.0,13
11011.0,58.0,11
11011.0,-1,0
11011.0,-1,1
11011.0,-1,2
11011.0,-1,3
11011.0,-1,4
11011.0,-1,5
11011.0,-1,6
11011.0,-1,7
11011.0,-1,12
11011.0,-1,20
11011.0,-1,21
11011.0,-1,22
11011.0,-1,23
11014.0,2414.0,9
11014.0,2358.0,17
11014.0,1831.0,19
11014.0,1673.0,10
11014.0,1636.0,18
11014.0,1541.0,15
11014.0,1190.0,14
11014.0,500.0,12
11014.0,484.0,13
11014.0,401.0,16
11014.0,24.0,8
11014.0,-1,0
11014.0,-1,1
11014.0,-1,2
11014.0,-1,3
11014.0,-1,4
11014.0,-1,5
11014.0,-1,6
11014.0,-1,7
11014.0,-1,11
11014.0,-1,20
11014.0,-1,21
11014.0,-1,22
11014.0,-1,23
11035.0,3642.0,12
11035.0,3366.0,16
11035.0,3249.0,8
11035.0,2631.0,18
11035.0,2630.0,9
11035.0,2416.0,7
11035.0,2255.0,11
11035.0,2007.0,15
11035.0,1935.0,10
11035.0,1551.0,13
11035.0,1527.0,17
11035.0,1094.0,6
11035.0,221.0,5
11035.0,-1,0
11035.0,-1,1
11035.0,-1,2
11035.0,-1,3
11035.0,-1,4
11035.0,-1,14
11035.0,-1,19
11035.0,-1,20
11035.0,-1,21
11035.0,-1,22
11035.0,-1,23
11036.0,3638.0,9
11036.0,3517.0,10
11036.0,2117.0,11
11036.0,1929.0,17
11036.0,1563.0,18
11036.0,1462.0,15
11036.0,1312.0,16
11036.0,1267.0,8
11036.0,1184.0,14
11036.0,168.0,19
11036.0,97.0,13
11036.0,-1,0
11036.0,-1,1
11036.0,-1,2
11036.0,-1,3
11036.0,-1,4
11036.0,-1,5
11036.0,-1,6
11036.0,-1,7
11036.0,-1,12
11036.0,-1,20
11036.0,-1,21
11036.0,-1,22
11036.0,-1,23
11037.0,4377.0,18
11037.0,3016.0,17
11037.0,2791.0,6
11037.0,2777.0,10
11037.0,2691.0,9
11037.0,2540.0,7
11037.0,2321.0,12
11037.0,1607.0,8
11037.0,1484.0,14
11037.0,1308.0,11
11037.0,1079.0,16
11037.0,460.0,15
11037.0,-1,0
11037.0,-1,1
11037.0,-1,2
11037.0,-1,3
11037.0,-1,4
11037.0,-1,5
11037.0,-1,13
11037.0,-1,19
11037.0,-1,20
11037.0,-1,21
11037.0,-1,22
11037.0,-1,23
11070.0,4674.0,12
11070.0,3579.0,17
11070.0,2762.0,8
11070.0,2567.0,13
11070.0,2341.0,19
11070.0,1616.0,9
11070.0,1557.0,18
11070.0,1466.0,20
11070.0,1404.0,11
11070.0,1311.0,16
11070.0,1080.0,10
11070.0,931.0,7
11070.0,45.0,21
11070.0,-1,0
11070.0,-1,1
11070.0,-1,2
11070.0,-1,3
11070.0,-1,4
11070.0,-1,5
11070.0,-1,6
11070.0,-1,14
11070.0,-1,15
11070.0,-1,22
11070.0,-1,23
11136.0,3502.0,18
11136.0,2986.0,10
11136.0,2838.0,9
11136.0,2271.0,8
11136.0,1986.0,17
11136.0,1502.0,14
11136.0,865.0,7
11136.0,504.0,15
11136.0,446.0,16
11136.0,431.0,19
11136.0,361.0,13
11136.0,271.0,11
11136.0,-1,0
11136.0,-1,1
11136.0,-1,2
11136.0,-1,3
11136.0,-1,4
11136.0,-1,5
11136.0,-1,6
11136.0,-1,12
11136.0,-1,20
11136.0,-1,21
11136.0,-1,22
11136.0,-1,23
11141.0,1578.0,13
11141.0,1481.0,19
11141.0,1358.0,16
11141.0,1246.0,10
11141.0,1226.0,18
11141.0,1138.0,17
11141.0,953.0,12
11141.0,866.0,14
11141.0,692.0,15
11141.0,590.0,9
11141.0,555.0,8
11141.0,-1,0
11141.0,-1,1
11141.0,-1,2
11141.0,-1,3
11141.0,-1,4
11141.0,-1,5
11141.0,-1,6
11141.0,-1,7
11141.0,-1,11
11141.0,-1,20
11141.0,-1,21
11141.0,-1,22
11141.0,-1,23
11200.0,515.0,7
11200.0,482.0,17
11200.0,470.0,6
11200.0,362.0,11
11200.0,292.0,10
11200.0,254.0,8
11200.0,215.0,12
11200.0,83.0,13
11200.0,47.0,16
11200.0,18.0,18
11200.0,-1,0
11200.0,-1,1
11200.0,-1,2
11200.0,-1,3
11200.0,-1,4
11200.0,-1,5
11200.0,-1,9
11200.0,-1,14
11200.0,-1,15
11200.0,-1,19
11200.0,-1,20
11200.0,-1,21
11200.0,-1,22
11200.0,-1,23
11327.0,2414.0,19
11327.0,2028.0,10
11327.0,1736.0,9
11327.0,1707.0,16
11327.0,1471.0,11
11327.0,1194.0,21
11327.0,1142.0,12
11327.0,962.0,15
11327.0,795.0,13
11327.0,758.0,20
11327.0,545.0,17
11327.0,160.0,18
11327.0,-1,0
11327.0,-1,1
11327.0,-1,2
11327.0,-1,3
11327.0,-1,4
11327.0,-1,5
11327.0,-1,6
11327.0,-1,7
11327.0,-1,8
11327.0,-1,14
11327.0,-1,22
11327.0,-1,23
11417.0,5824.0,19
11417.0,3175.0,20
11417.0,2167.0,8
11417.0,2141.0,12
11417.0,2128.0,7
11417.0,1659.0,18
11417.0,1543.0,9
11417.0,1367.0,16
11417.0,1157.0,14
11417.0,1037.0,17
11417.0,656.0,13
11417.0,652.0,10
11417.0,222.0,15
11417.0,202.0,21
11417.0,-1,0
11417.0,-1,1
11417.0,-1,2
11417.0,-1,3
11417.0,-1,4
11417.0,-1,5
11417.0,-1,6
11417.0,-1,11
11417.0,-1,22
11417.0,-1,23
11611.0,2696.0,18
11611.0,2186.0,14
11611.0,1794.0,17
11611.0,1719.0,7
11611.0,1576.0,15
11611.0,1154.0,13
11611.0,611.0,9
11611.0,525.0,8
11611.0,439.0,10
11611.0,362.0,16
11611.0,156.0,6
11611.0,-1,0
11611.0,-1,1
11611.0,-1,2
11611.0,-1,3
11611.0,-1,4
11611.0,-1,5
11611.0,-1,11
11611.0,-1,12
11611.0,-1,19
11611.0,-1,20
11611.0,-1,21
11611.0,-1,22
11611.0,-1,23
11655.0,2523.0,8
11655.0,2424.0,11
11655.0,2102.0,7
11655.0,2085.0,18
11655.0,2046.0,14
11655.0,1537.0,17
11655.0,1227.0,16
11655.0,925.0,19
11655.0,482.0,12
11655.0,261.0,10
11655.0,126.0,13
11655.0,0.0,15
11655.0,-1,0
11655.0,-1,1
11655.0,-1,2
11655.0,-1,3
11655.0,-1,4
11655.0,-1,5
11655.0,-1,6
11655.0,-1,9
11655.0,-1,20
11655.0,-1,21
11655.0,-1,22
11655.0,-1,23
11743.0,2286.0,16
11743.0,1629.0,13
11743.0,1588.0,14
11743.0,1458.0,7
11743.0,1440.0,8
11743.0,1428.0,17
11743.0,1359.0,15
11743.0,1341.0,9
11743.0,696.0,10
11743.0,416.0,11
11743.0,-1,0
11743.0,-1,1
11743.0,-1,2
11743.0,-1,3
11743.0,-1,4
11743.0,-1,5
11743.0,-1,6
11743.0,-1,12
11743.0,-1,18
11743.0,-1,19
11743.0,-1,20
11743.0,-1,21
11743.0,-1,22
11743.0,-1,23
12095.0,1957.0,20
12095.0,1524.0,14
12095.0,1119.0,18
12095.0,864.0,10
12095.0,785.0,16
12095.0,709.0,13
12095.0,323.0,15
12095.0,260.0,11
12095.0,90.0,12
12095.0,20.0,17
12095.0,-1,0
12095.0,-1,1
12095.0,-1,2
12095.0,-1,3
12095.0,-1,4
12095.0,-1,5
12095.0,-1,6
12095.0,-1,7
12095.0,-1,8
12095.0,-1,9
12095.0,-1,19
12095.0,-1,21
12095.0,-1,22
12095.0,-1,23
12297.0,1740.0,19
12297.0,1455.0,18
12297.0,1419.0,14
12297.0,1409.0,13
12297.0,1124.0,17
12297.0,981.0,7
12297.0,911.0,8
12297.0,805.0,16
12297.0,726.0,11
12297.0,725.0,9
12297.0,630.0,10
12297.0,630.0,20
12297.0,229.0,12
12297.0,-1,0
12297.0,-1,1
12297.0,-1,2
12297.0,-1,3
12297.0,-1,4
12297.0,-1,5
12297.0,-1,6
12297.0,-1,15
12297.0,-1,21
12297.0,-1,22
12297.0,-1,23
12316.0,2868.0,16
12316.0,2522.0,17
12316.0,2466.0,10
12316.0,2432.0,11
12316.0,2099.0,18
12316.0,2078.0,8
12316.0,1915.0,12
12316.0,1247.0,9
12316.0,1040.0,15
12316.0,828.0,14
12316.0,608.0,19
12316.0,259.0,7
12316.0,-1,0
12316.0,-1,1
12316.0,-1,2
12316.0,-1,3
12316.0,-1,4
12316.0,-1,5
12316.0,-1,6
12316.0,-1,13
12316.0,-1,20
12316.0,-1,21
12316.0,-1,22
12316.0,-1,23
12390.0,4594.0,22
12390.0,3446.0,17
12390.0,2576.0,15
12390.0,2259.0,20
12390.0,2056.0,16
12390.0,1682.0,18
12390.0,1645.0,19
12390.0,1351.0,10
12390.0,1349.0,8
12390.0,1066.0,9
12390.0,571.0,14
12390.0,394.0,11
12390.0,346.0,21
12390.0,208.0,7
12390.0,-1,0
12390.0,-1,1
12390.0,-1,2
12390.0,-1,3
12390.0,-1,4
12390.0,-1,5
12390.0,-1,6
12390.0,-1,12
12390.0,-1,13
12390.0,-1,23
12398.0,3739.0,12
12398.0,2834.0,18
12398.0,2259.0,11
12398.0,2187.0,17
12398.0,1786.0,19
12398.0,1151.0,8
12398.0,1085.0,7
12398.0,785.0,15
12398.0,779.0,10
12398.0,631.0,6
12398.0,571.0,16
12398.0,320.0,9
12398.0,278.0,14
12398.0,-1,0
12398.0,-1,1
12398.0,-1,2
12398.0,-1,3
12398.0,-1,4
12398.0,-1,5
12398.0,-1,13
12398.0,-1,20
12398.0,-1,21
12398.0,-1,22
12398.0,-1,23
12409.0,1948.0,16
12409.0,1884.0,11
12409.0,1720.0,19
12409.0,1561.0,20
12409.0,1167.0,9
12409.0,1158.0,8
12409.0,1064.0,15
12409.0,968.0,14
12409.0,755.0,10
12409.0,709.0,12
12409.0,563.0,17
12409.0,427.0,18
12409.0,-1,0
12409.0,-1,1
12409.0,-1,2
12409.0,-1,3
12409.0,-1,4
12409.0,-1,5
12409.0,-1,6
12409.0,-1,7
12409.0,-1,13
12409.0,-1,21
12409.0,-1,22
12409.0,-1,23
12417.0,1555.0,9
12417.0,1477.0,11
12417.0,1296.0,18
12417.0,1278.0,10
12417.0,1272.0,16
12417.0,1218.0,8
12417.0,1127.0,15
12417.0,980.0,17
12417.0,942.0,7
12417.0,547.0,12
12417.0,506.0,19
12417.0,-1,0
12417.0,-1,1
12417.0,-1,2
12417.0,-1,3
12417.0,-1,4
12417.0,-1,5
12417.0,-1,6
12417.0,-1,13
12417.0,-1,14
12417.0,-1,20
12417.0,-1,21
12417.0,-1,22
12417.0,-1,23
12520.0,3095.0,19
12520.0,2991.0,20
12520.0,2493.0,18
12520.0,2445.0,9
12520.0,2424.0,10
12520.0,2130.0,17
12520.0,2048.0,13
12520.0,1660.0,11
12520.0,1180.0,12
12520.0,535.0,14
12520.0,154.0,8
12520.0,-1,0
12520.0,-1,1
12520.0,-1,2
12520.0,-1,3
12520.0,-1,4
12520.0,-1,5
12520.0,-1,6
12520.0,-1,7
12520.0,-1,15
12520.0,-1,16
12520.0,-1,21
12520.0,-1,22
12520.0,-1,23
12547.0,4081.0,15
12547.0,3769.0,16
12547.0,2582.0,17
12547.0,2406.0,11
12547.0,2018.0,18
12547.0,1876.0,9
12547.0,1477.0,14
12547.0,1471.0,8
12547.0,1440.0,7
12547.0,1053.0,10
12547.0,639.0,19
12547.0,513.0,13
12547.0,-1,0
12547.0,-1,1
12547.0,-1,2
12547.0,-1,3
12547.0,-1,4
12547.0,-1,5
12547.0,-1,6
12547.0,-1,12
12547.0,-1,20
12547.0,-1,21
12547.0,-1,22
12547.0,-1,23
12608.0,3244.0,12
12608.0,2193.0,21
12608.0,2056.0,19
12608.0,1455.0,17
12608.0,1437.0,9
12608.0,1418.0,13
12608.0,1300.0,10
12608.0,1294.0,20
12608.0,1173.0,18
12608.0,854.0,11
12608.0,666.0,8
12608.0,654.0,16
12608.0,461.0,7
12608.0,191.0,15
12608.0,-1,0
12608.0,-1,1
12608.0,-1,2
12608.0,-1,3
12608.0,-1,4
12608.0,-1,5
12608.0,-1,6
12608.0,-1,14
12608.0,-1,22
12608.0,-1,23
12612.0,2322.0,17
12612.0,1974.0,16
12612.0,1460.0,13
12612.0,956.0,12
12612.0,732.0,8
12612.0,527.0,10
12612.0,498.0,19
12612.0,488.0,14
12612.0,477.0,18
12612.0,437.0,11
12612.0,354.0,9
12612.0,178.0,20
12612.0,-1,0
12612.0,-1,1
12612.0,-1,2
12612.0,-1,3
12612.0,-1,4
12612.0,-1,5
12612.0,-1,6
12612.0,-1,7
12612.0,-1,15
12612.0,-1,21
12612.0,-1,22
12612.0,-1,23
12683.0,3137.0,18
12683.0,3012.0,19
12683.0,2797.0,9
12683.0,2427.0,16
12683.0,2021.0,7
12683.0,1874.0,11
12683.0,1514.0,10
12683.0,1378.0,20
12683.0,1247.0,12
12683.0,1166.0,13
12683.0,1123.0,17
12683.0,643.0,8
12683.0,572.0,15
12683.0,111.0,6
12683.0,94.0,14
12683.0,-1,0
12683.0,-1,1
12683.0,-1,2
12683.0,-1,3
12683.0,-1,4
12683.0,-1,5
12683.0,-1,21
12683.0,-1,22
12683.0,-1,23
12717.0,1784.0,16
12717.0,1764.0,18
12717.0,1576.0,10
12717.0,1310.0,17
12717.0,1083.0,11
12717.0,751.0,9
12717.0,437.0,14
12717.0,426.0,8
12717.0,-1,0
12717.0,-1,1
12717.0,-1,2
12717.0,-1,3
12717.0,-1,4
12717.0,-1,5
12717.0,-1,6
12717.0,-1,7
12717.0,-1,12
12717.0,-1,13
12717.0,-1,15
12717.0,-1,19
12717.0,-1,20
12717.0,-1,21
12717.0,-1,22
12717.0,-1,23
12737.0,1464.0,18
12737.0,1168.0,17
12737.0,1123.0,8
12737.0,1116.0,9
12737.0,813.0,16
12737.0,780.0,11
12737.0,750.0,19
12737.0,391.0,10
12737.0,-1,0
12737.0,-1,1
12737.0,-1,2
12737.0,-1,3
12737.0,-1,4
12737.0,-1,5
12737.0,-1,6
12737.0,-1,7
12737.0,-1,12
12737.0,-1,13
12737.0,-1,14
12737.0,-1,15
12737.0,-1,20
12737.0,-1,21
12737.0,-1,22
12737.0,-1,23
12828.0,2726.0,8
12828.0,2578.0,12
12828.0,2179.0,16
12828.0,1795.0,18
12828.0,1661.0,6
12828.0,1468.0,9
12828.0,1421.0,14
12828.0,1408.0,13
12828.0,1169.0,7
12828.0,1132.0,10
12828.0,723.0,15
12828.0,386.0,11
12828.0,232.0,17
12828.0,-1,0
12828.0,-1,1
12828.0,-1,2
12828.0,-1,3
12828.0,-1,4
12828.0,-1,5
12828.0,-1,19
12828.0,-1,20
12828.0,-1,21
12828.0,-1,22
12828.0,-1,23
12830.0,2687.0,16
12830.0,2359.0,14
12830.0,2294.0,9
12830.0,2229.0,8
12830.0,2140.0,7
12830.0,1546.0,17
12830.0,1332.0,12
12830.0,956.0,15
12830.0,849.0,10
12830.0,586.0,11
12830.0,15.0,6
12830.0,6.0,18
12830.0,-1,0
12830.0,-1,1
12830.0,-1,2
12830.0,-1,3
12830.0,-1,4
12830.0,-1,5
12830.0,-1,13
12830.0,-1,19
12830.0,-1,20
12830.0,-1,21
12830.0,-1,22
12830.0,-1,23
12840.0,1007.0,14
12840.0,758.0,9
12840.0,686.0,19
12840.0,632.0,10
12840.0,572.0,15
12840.0,569.0,18
12840.0,468.0,11
12840.0,460.0,17
12840.0,296.0,12
12840.0,278.0,16
12840.0,47.0,8
12840.0,22.0,13
12840.0,-1,0
12840.0,-1,1
12840.0,-1,2
12840.0,-1,3
12840.0,-1,4
12840.0,-1,5
12840.0,-1,6
12840.0,-1,7
12840.0,-1,20
12840.0,-1,21
12840.0,-1,22
12840.0,-1,23
12878.0,3204.0,10
12878.0,2460.0,16
12878.0,2442.0,11
12878.0,2180.0,14
12878.0,2095.0,17
12878.0,1825.0,15
12878.0,1499.0,13
12878.0,1459.0,18
12878.0,1176.0,9
12878.0,1074.0,19
12878.0,595.0,7
12878.0,431.0,8
12878.0,-1,0
12878.0,-1,1
12878.0,-1,2
12878.0,-1,3
12878.0,-1,4
12878.0,-1,5
12878.0,-1,6
12878.0,-1,12
12878.0,-1,20
12878.0,-1,21
12878.0,-1,22
12878.0,-1,23
12959.0,3939.0,14
12959.0,3556.0,8
12959.0,3538.0,15
12959.0,2322.0,7
12959.0,1553.0,10
12959.0,1385.0,16
12959.0,1012.0,6
12959.0,944.0,9
12959.0,835.0,17
12959.0,768.0,18
12959.0,637.0,11
12959.0,396.0,13
12959.0,-1,0
12959.0,-1,1
12959.0,-1,2
12959.0,-1,3
12959.0,-1,4
12959.0,-1,5
12959.0,-1,12
12959.0,-1,19
12959.0,-1,20
12959.0,-1,21
12959.0,-1,22
12959.0,-1,23
12971.0,3244.0,19
12971.0,1155.0,9
12971.0,1027.0,11
12971.0,810.0,12
12971.0,764.0,17
12971.0,519.0,7
12971.0,502.0,8
12971.0,497.0,10
12971.0,475.0,16
12971.0,464.0,18
12971.0,118.0,20
12971.0,-1,0
12971.0,-1,1
12971.0,-1,2
12971.0,-1,3
12971.0,-1,4
12971.0,-1,5
12971.0,-1,6
12971.0,-1,13
12971.0,-1,14
12971.0,-1,15
12971.0,-1,21
12971.0,-1,22
12971.0,-1,23
13044.0,1716.0,7
13044.0,1548.0,18
13044.0,1419.0,12
13044.0,1083.0,14
13044.0,1019.0,9
13044.0,856.0,8
13044.0,821.0,13
13044.0,277.0,19
13044.0,188.0,20
13044.0,180.0,17
13044.0,73.0,15
13044.0,-1,0
13044.0,-1,1
13044.0,-1,2
13044.0,-1,3
13044.0,-1,4
13044.0,-1,5
13044.0,-1,6
13044.0,-1,10
13044.0,-1,11
13044.0,-1,16
13044.0,-1,21
13044.0,-1,22
13044.0,-1,23
13061.0,5569.0,13
13061.0,3661.0,14
13061.0,3614.0,21
13061.0,3582.0,20
13061.0,3116.0,17
13061.0,3067.0,12
13061.0,2838.0,9
13061.0,2684.0,19
13061.0,1794.0,10
13061.0,1676.0,11
13061.0,1584.0,18
13061.0,603.0,16
13061.0,-1,0
13061.0,-1,1
13061.0,-1,2
13061.0,-1,3
13061.0,-1,4
13061.0,-1,5
13061.0,-1,6
13061.0,-1,7
13061.0,-1,8
13061.0,-1,15
13061.0,-1,22
13061.0,-1,23
13069.0,3090.0,16
13069.0,2954.0,17
13069.0,1433.0,14
13069.0,1277.0,20
13069.0,1174.0,21
13069.0,850.0,18
13069.0,837.0,19
13069.0,817.0,15
13069.0,696.0,13
13069.0,392.0,22
13069.0,373.0,11
13069.0,354.0,10
13069.0,167.0,12
13069.0,-1,0
13069.0,-1,1
13069.0,-1,2
13069.0,-1,3
13069.0,-1,4
13069.0,-1,5
13069.0,-1,6
13069.0,-1,7
13069.0,-1,8
13069.0,-1,9
13069.0,-1,23
13079.0,3151.0,9
13079.0,2112.0,20
13079.0,1957.0,16
13079.0,1896.0,18
13079.0,1890.0,10
13079.0,1866.0,15
13079.0,1749.0,11
13079.0,1165.0,17
13079.0,810.0,8
13079.0,496.0,14
13079.0,189.0,19
13079.0,0.0,21
13079.0,-1,0
13079.0,-1,1
13079.0,-1,2
13079.0,-1,3
13079.0,-1,4
13079.0,-1,5
13079.0,-1,6
13079.0,-1,7
13079.0,-1,12
13079.0,-1,13
13079.0,-1,22
13079.0,-1,23
13081.0,2515.0,10
13081.0,2222.0,7
13081.0,2088.0,8
13081.0,2013.0,18
13081.0,1910.0,14
13081.0,1637.0,19
13081.0,1331.0,12
13081.0,1143.0,17
13081.0,1138.0,6
13081.0,870.0,11
13081.0,711.0,13
13081.0,229.0,16
13081.0,-1,0
13081.0,-1,1
13081.0,-1,2
13081.0,-1,3
13081.0,-1,4
13081.0,-1,5
13081.0,-1,9
13081.0,-1,15
13081.0,-1,20
13081.0,-1,21
13081.0,-1,22
13081.0,-1,23
13128.0,3467.0,18
13128.0,3010.0,19
13128.0,2785.0,17
13128.0,2556.0,8
13128.0,1743.0,16
13128.0,1481.0,11
13128.0,1353.0,9
13128.0,1107.0,15
13128.0,521.0,10
13128.0,182.0,7
13128.0,168.0,12
13128.0,-1,0
13128.0,-1,1
13128.0,-1,2
13128.0,-1,3
13128.0,-1,4
13128.0,-1,5
13128.0,-1,6
13128.0,-1,13
13128.0,-1,14
13128.0,-1,20
13128.0,-1,21
13128.0,-1,22
13128.0,-1,23
13131.0,867.0,11
13131.0,857.0,12
13131.0,422.0,18
13131.0,421.0,16
13131.0,385.0,10
13131.0,371.0,19
13131.0,265.0,8
13131.0,245.0,17
13131.0,225.0,9
13131.0,172.0,15
13131.0,150.0,7
13131.0,-1,0
13131.0,-1,1
13131.0,-1,2
13131.0,-1,3
13131.0,-1,4
13131.0,-1,5
13131.0,-1,6
13131.0,-1,13
13131.0,-1,14
13131.0,-1,20
13131.0,-1,21
13131.0,-1,22
13131.0,-1,23
13142.0,3184.0,7
13142.0,1947.0,18
13142.0,1847.0,9
13142.0,1666.0,15
13142.0,1456.0,11
13142.0,1436.0,16
13142.0,1392.0,8
13142.0,1356.0,17
13142.0,1353.0,10
13142.0,1080.0,12
13142.0,774.0,14
13142.0,681.0,6
13142.0,617.0,19
13142.0,-1,0
13142.0,-1,1
13142.0,-1,2
13142.0,-1,3
13142.0,-1,4
13142.0,-1,5
13142.0,-1,13
13142.0,-1,20
13142.0,-1,21
13142.0,-1,22
13142.0,-1,23
13191.0,2118.0,19
13191.0,2066.0,20
13191.0,1988.0,14
13191.0,1973.0,18
13191.0,1821.0,9
13191.0,1784.0,7
13191.0,1686.0,8
13191.0,1544.0,15
13191.0,1290.0,11
13191.0,1260.0,16
13191.0,918.0,10
13191.0,909.0,17
13191.0,174.0,6
13191.0,135.0,12
13191.0,0.0,13
13191.0,-1,0
13191.0,-1,1
13191.0,-1,2
13191.0,-1,3
13191.0,-1,4
13191.0,-1,5
13191.0,-1,21
13191.0,-1,22
13191.0,-1,23
13293.0,5246.0,19
13293.0,3716.0,20
13293.0,2969.0,21
13293.0,2893.0,18
13293.0,2274.0,10
13293.0,1595.0,17
13293.0,1384.0,13
13293.0,1119.0,16
13293.0,285.0,11
13293.0,246.0,12
13293.0,0.0,22
13293.0,-1,0
13293.0,-1,1
13293.0,-1,2
13293.0,-1,3
13293.0,-1,4
13293.0,-1,5
13293.0,-1,6
13293.0,-1,7
13293.0,-1,8
13293.0,-1,9
13293.0,-1,14
13293.0,-1,15
13293.0,-1,23
13304.0,2313.0,9
13304.0,2018.0,17
13304.0,1794.0,18
13304.0,1255.0,19
13304.0,1118.0,8
13304.0,849.0,13
13304.0,663.0,14
13304.0,626.0,11
13304.0,574.0,20
13304.0,520.0,12
13304.0,106.0,10
13304.0,80.0,16
13304.0,-1,0
13304.0,-1,1
13304.0,-1,2
13304.0,-1,3
13304.0,-1,4
13304.0,-1,5
13304.0,-1,6
13304.0,-1,7
13304.0,-1,15
13304.0,-1,21
13304.0,-1,22
13304.0,-1,23
13326.0,1558.0,18
13326.0,1064.0,19
13326.0,970.0,7
13326.0,594.0,14
13326.0,574.0,17
13326.0,521.0,10
13326.0,452.0,8
13326.0,409.0,13
13326.0,309.0,11
13326.0,243.0,12
13326.0,236.0,9
13326.0,58.0,6
13326.0,32.0,16
13326.0,-1,0
13326.0,-1,1
13326.0,-1,2
13326.0,-1,3
13326.0,-1,4
13326.0,-1,5
13326.0,-1,15
13326.0,-1,20
13326.0,-1,21
13326.0,-1,22
13326.0,-1,23
13503.0,3318.0,10
13503.0,3058.0,11
13503.0,2564.0,18
13503.0,2328.0,17
13503.0,1820.0,19
13503.0,1795.0,12
13503.0,1681.0,7
13503.0,981.0,13
13503.0,924.0,8
13503.0,730.0,9
13503.0,641.0,20
13503.0,19.0,6
13503.0,-1,0
13503.0,-1,1
13503.0,-1,2
13503.0,-1,3
13503.0,-1,4
13503.0,-1,5
13503.0,-1,14
13503.0,-1,15
13503.0,-1,16
13503.0,-1,21
13503.0,-1,22
13503.0,-1,23
13604.0,1036.0,18
13604.0,817.0,8
13604.0,740.0,9
13604.0,619.0,12
13604.0,560.0,17
13604.0,492.0,10
13604.0,481.0,13
13604.0,459.0,15
13604.0,190.0,11
13604.0,141.0,7
13604.0,120.0,19
13604.0,71.0,14
13604.0,-1,0
13604.0,-1,1
13604.0,-1,2
13604.0,-1,3
13604.0,-1,4
13604.0,-1,5
13604.0,-1,6
13604.0,-1,16
13604.0,-1,20
13604.0,-1,21
13604.0,-1,22
13604.0,-1,23
13628.0,4155.0,19
13628.0,1305.0,16
13628.0,1304.0,15
13628.0,1214.0,10
13628.0,1208.0,18
13628.0,1061.0,14
13628.0,482.0,20
13628.0,439.0,9
13628.0,428.0,11
13628.0,179.0,17
13628.0,-1,0
13628.0,-1,1
13628.0,-1,2
13628.0,-1,3
13628.0,-1,4
13628.0,-1,5
13628.0,-1,6
13628.0,-1,7
13628.0,-1,8
13628.0,-1,12
13628.0,-1,13
13628.0,-1,21
13628.0,-1,22
13628.0,-1,23
13648.0,4579.0,19
13648.0,1809.0,11
13648.0,1706.0,18
13648.0,1702.0,8
13648.0,1612.0,10
13648.0,1371.0,17
13648.0,1287.0,9
13648.0,1273.0,15
13648.0,771.0,14
13648.0,674.0,16
13648.0,391.0,7
13648.0,59.0,20
13648.0,0.0,21
13648.0,0.0,22
13648.0,0.0,23
13648.0,-1,0
13648.0,-1,1
13648.0,-1,2
13648.0,-1,3
13648.0,-1,4
13648.0,-1,5
13648.0,-1,6
13648.0,-1,12
13648.0,-1,13
911343.0,2812.0,18
911343.0,1343.0,16
911343.0,1229.0,12
911343.0,878.0,11
911343.0,654.0,17
911343.0,615.0,14
911343.0,572.0,15
911343.0,485.0,8
911343.0,467.0,9
911343.0,437.0,10
911343.0,330.0,19
911343.0,46.0,13
911343.0,-1,0
911343.0,-1,1
911343.0,-1,2
911343.0,-1,3
911343.0,-1,4
911343.0,-1,5
911343.0,-1,6
911343.0,-1,7
911343.0,-1,20
911343.0,-1,21
911343.0,-1,22
911343.0,-1,23
911401.0,2411.0,10
911401.0,1306.0,11
911401.0,1221.0,9
911401.0,1042.0,13
911401.0,299.0,14
911401.0,277.0,8
911401.0,51.0,12
911401.0,32.0,7
911401.0,-1,0
911401.0,-1,1
911401.0,-1,2
911401.0,-1,3
911401.0,-1,4
911401.0,-1,5
911401.0,-1,6
911401.0,-1,15
911401.0,-1,16
911401.0,-1,17
911401.0,-1,18
911401.0,-1,19
911401.0,-1,20
911401.0,-1,21
911401.0,-1,22
911401.0,-1,23
911429.0,2190.0,19
911429.0,2065.0,17
911429.0,1997.0,10
911429.0,1888.0,13
911429.0,1883.0,9
911429.0,1619.0,18
911429.0,1556.0,14
911429.0,753.0,12
911429.0,525.0,16
911429.0,467.0,8
911429.0,289.0,11
911429.0,271.0,20
911429.0,237.0,15
911429.0,-1,0
911429.0,-1,1
911429.0,-1,2
911429.0,-1,3
911429.0,-1,4
911429.0,-1,5
911429.0,-1,6
911429.0,-1,7
911429.0,-1,21
911429.0,-1,22
911429.0,-1,23
13151.0,6571.0,20
13151.0,2710.0,15
13151.0,2439.0,21
13151.0,1886.0,9
13151.0,1733.0,10
13151.0,1704.0,8
13151.0,1522.0,19
13151.0,1322.0,16
13151.0,1009.0,18
13151.0,292.0,17
13151.0,225.0,11
13151.0,118.0,22
13151.0,-1,0
13151.0,-1,1
13151.0,-1,2
13151.0,-1,3
13151.0,-1,4
13151.0,-1,5
13151.0,-1,6
13151.0,-1,7
13151.0,-1,12
13151.0,-1,13
13151.0,-1,14
13151.0,-1,23
